Title,Premiere,Language
Kenny Sebastian: Don't be that Guy,"May 01, 2017",English
Biswa Kalyan Rath: Biswa Mast Aadmi,"May 19, 2017",Hindi
Kanan Gill: Keep it Real,"May 26, 2017",English
Zakir Khan: Haq Se Single,"July 09, 2017",Hindi
Nishant Tanwar aka Joke Singh: Delhi Se Hoon B******d,"April 6, 2018",Hindi
Vaibhav Sethia: Don't,"May 25, 2018",English
Zakir Khan: Kaksha Gyarvi,"November 23, 2018",Hindi
Kanan GillKenny Sebastian: Sketchy Behaviour,"February 14, 2019",English
Jim Gaffigan: Quality Time,"August 16, 2019",English
Flo & Joan: Alive on Stage,"August 19, 2019",English
Ed Gamble: Blood Sugar,"August 19, 2019",English
Paul Chowdhry: Live Init,"August 19, 2019",English
Chris Ramsey: Approval Needed,"August 19, 2019",English
Alice Wetterlund: My Mama Is A Human And So Am I,"August 23, 2019",English
Alonzo Bodden: Heavy Lightweight,"August 23, 2019",English
#IMomSoHard Live,"August 23, 2019",English
Mike E. Winfield: StepMan,"August 23, 2019",English
Biswa Kalyan Rath: Sushi,"October 25, 2019",English
Ilana Glazer: The Planet Is Burning,"January 3, 2020",English
Jayde Adams: Serious Black Jumper,"January 3, 2020",English
Rob Delaney: Jackie,"January 17, 2020",English
Russell Peters: Deported,"January 17, 2020",English
Celia Pacquola: All Talk,"April 10, 2020",English
ZoÃ« Coombs Marr: Bossy Bottom,"April 10, 2020",English
Alice Fraser: Savage,"April 17, 2020",English
Tommy Little: Self-Diagnosed Genius,"April 17, 2020",English
Dilruk Jayasinha: Live,"April 24, 2020",English
Judith Lucy: Judith Lucy vs Men,"April 24, 2020",English
Lano & Woodley: Fly,"May 1, 2020",English
Tom Walker: Very Very,"May 1, 2020",English
Tom Gleeson: Joy,"May 8, 2020",English
Anne Edmonds: What's Wrong with You?,"May 8, 2020",English
Jimmy O. Yang: Good Deal,"May 8, 2020",English
Gina Brillon: The Floor Is Lava,"June 5, 2020",English
Jim Gaffigan: The Pale Tourist,"July 24, 2020",English
