Title,Genre,Premiere,Seasons/episodes,Status
Bosch,Detective fiction,"February 13, 2015","6 seasons, 60 episodes",Renewed for final season
Hand of God,Psychological thriller,"September 4, 2015","2 seasons, 20 episodes",Ended
The Man in the High Castle,Alternative history,"November 20, 2015","4 seasons, 40 episodes",Ended
Mad Dogs,Drama,"January 22, 2016","1 season, 10 episodes",Ended
Goliath,Legal drama,"October 14, 2016","3 seasons, 24 episodes",Renewed for final season
Good Girls Revolt,Historical period drama,"October 28, 2016","1 season, 10 episodes",Ended
Sneaky Pete,Crime drama,"January 13, 2017","3 seasons, 30 episodes",Ended
Z: The Beginning of Everything,Historical period drama,"January 27, 2017","1 season, 10 episodes",Ended
Patriot,Crime drama,"February 24, 2017","2 seasons, 18 episodes",Ended
The Last Tycoon,Historical period drama,"July 28, 2017","1 season, 9 episodes",Ended
Lore,Anthology horror,"October 13, 2017","2 seasons, 12 episodes",Ended
Jack Ryan,Political thriller,"August 31, 2018","2 season, 16 episodes",Renewed
The Romanoffs,Anthology,"October 12, 2018","1 season, 8 episodes",Ended
Homecoming,Psychological thriller,"November 2, 2018","2 seasons, 17 episodes",Pending
Hanna,Action,"March 29, 2019","2 seasons, 16 episodes",Renewed
Too Old to Die Young,Crime drama,"June 14, 2019",10 episodes,Miniseries
The Boys,Superhero,"July 26, 2019","2 seasons, 16 episodes",Renewed
Carnival Row,Fantasy,"August 30, 2019","1 season, 8 episodes",Renewed
Hunters,Drama,"February 21, 2020","1 season, 10 episodes",Renewed
Tales from the Loop,Science fiction,"April 3, 2020","1 season, 8 episodes",Pending
Alex Rider,Spy thriller,"June 4, 2020","1 season, 8 episodes",Renewed
Utopia,Drama,"September 25, 2020","1 season, 8 episodes",Ended
The Wilds,Young adult Drama,"December 11, 2020","1 season, 10 episodes",Pending
Betas,Comedy,"April 19, 2013","1 season, 11 episodes",Ended
Alpha House,Political satire,"April 19, 2013","2 seasons, 21 episodes",Ended
Gortimer Gibbon's Life on Normal Street,Teen sitcom/Fantasy,"April 19, 2014","2 seasons, 39 episodes",Ended
Annedroids,Science fiction,"July 25, 2014","4 seasons, 52 episodes",Ended
Transparent,Comedy-drama,"September 26, 2014","5 seasons, 41 episodes",Ended
Mozart in the Jungle,Comedy-drama,"December 23, 2014","4 seasons, 40 episodes",Ended
Just Add Magic,Fantasy,"January 15, 2015","3 seasons, 51 episodes",Ended
Red Oaks,Comedy-drama,"October 10, 2015","3 seasons, 26 episodes",Ended
The Kicks,Teen sitcom,"August 26, 2016","1 season, 10 episodes",Ended
One Mississippi,Comedy-drama,"September 9, 2016","2 seasons, 12 episodes",Ended
Crisis in Six Scenes,Comedy,"September 30, 2016",6 episodes,Miniseries
I Love Dick,Comedy-drama,"May 12, 2017","1 season, 8 episodes",Ended
Comrade Detective,Comedy-drama,"August 4, 2017","1 season, 6 episodes",Ended
The Tick,Superhero,"August 25, 2017","2 season, 22 episodes",Ended
Sigmund and the Sea Monsters,Fantasy,"October 13, 2017","1 season, 7 episodes",Ended
The Marvelous Mrs. Maisel,Comedy-drama,"November 29, 2017","3 seasons, 26 episodes",Renewed
Jean-Claude Van Johnson,Comedy-drama,"December 15, 2017","1 season, 6 episodes",Ended
The Dangerous Book for Boys,Comedy-drama,"March 30, 2018","1 season, 6 episodes",Ended
Forever,Comedy-drama,"September 14, 2018","1 season, 8 episodes",Ended
Modern Love,Romantic comedy anthology,"October 18, 2019","1 season, 8 episodes",Renewed
Just Add Magic: Mystery City,Fantasy,"January 17, 2020","1 season, 10 episodes",Pending
Upload,Science fiction,"May 1, 2020","1 season, 10 episodes",Renewed
Truth Seekers,Comedy-horror,"October 30, 2020","1 season, 8 episodes",Pending
Baahubali: The Lost Legends,Action/Historical,"April 19, 2017","5 seasons, 71 episodes",Pending
Undone,Comedy-drama,"September 13, 2019","1 season, 8 episodes",Renewed
Creative Galaxy,Preschool science fiction,"October 2, 2013","3 seasons, 36 episodes",Ended
Tumble Leaf,Preschool adventure,"February 6, 2014","4 seasons, 52 episodes",Ended
Wishenpoof!,Fantasy,"February 6, 2015","2 seasons, 39 episodes",Ended
The Stinky & Dirty Show,Preschool series,"September 2, 2016","2 seasons, 39 episodes",Ended
Danger & Eggs,Adventure/Comedy,"June 30, 2017","1 season, 13 episodes",Ended
Niko and the Sword of Light,Action/Fantasy,"July 21, 2017","2 seasons, 23 episodes",Ended
Lost In Oz,Fantasy,"August 4, 2017","1 season, 26 episodes",Ended
Selfie With Bajrangi,Action comedy,"October 6, 2017","2 seasons, 104 episodes",Moved to Hotstar
If You Give a Mouse a Cookie,Adventure,"November 7, 2017","2 seasons, 40 episodes",Pending
Kalari Kids,Adventure,"December 22, 2017","3 seasons, 60 episodes",Pending
Inspector Chingum,Action comedy,"April 22, 2018","2 seasons, 54 episodes",Pending
Little Big Awesome,Adventure,"April 27, 2018","1 season, 13 episodes",Ended
The Adventures of Rocky and Bullwinkle,Action-adventure/Comedy,"May 11, 2018","1 season, 26 episodes",Ended
Pete the Cat,Comedy,"September 21, 2018","2 seasons, 28 episodes",Pending
Kung Fu Panda: The Paws of Destiny,Action/Comedy,"November 16, 2018","2 season, 26 episodes",Ended
Costume Quest,Fantasy/Comedy,"March 8, 2019","1 season, 14 episodes",Ended
The Bug Diaries,Preschool series,"April 12, 2019","1 season, 12 episodes",Pending
Jessy & Nessy,Preschool animation/live-action,"March 13, 2020","1 season, 10 episodes",Pending
Crayon Shin-chan Spin-off,Comedy,"August 3, 2016","4 seasons, 52 episodes",Ended
Blade of the Immortal,Action/Historical,"October 10, 2019","1 season, 24 episodes",Ended
You Are Wanted,Thriller,"March 12, 2017","2 seasons, 12 episodes",Ended
Deutschland 86,Thriller,"October 19, 2018","1 season, 10 episodes",Ended
Beat,Crime thriller,"November 9, 2018","1 season, 7 episodes",Ended
Bibi & Tina,Sitcom,"April 3, 2020","1 season, 10 episodes",Pending
Der Beischläfer,Comedy,"May 29, 2020","1 season, 6 episodes",Pending
Inside Edge,Sports drama,"July 10, 2017","2 seasons, 20 episodes",Renewed
Laakhon Mein Ek,Drama,"October 13, 2017","2 seasons, 14 episodes",Ended
Pushpavalli,Comedy-drama,"December 15, 2017","2 seasons, 16 episodes",Pending
Shaitaan Haveli,Horror comedy,"January 5, 2018","1 season, 8 episodes",Ended
Breathe,Thriller,"January 26, 2018","1 season, 8 episodes",Ended
Chacha Vidhayak Hain Humare,Comedy,"May 18, 2018","1 season, 8 episodes",Renewed
Mirzapur,Crime thriller,"November 16, 2018","2 seasons, 19 episodes",Renewed
Four More Shots Please!,Romantic comedy-drama,"January 25, 2019","2 seasons, 20 episodes",Renewed
Made in Heaven,Drama,"March 7, 2019","1 season, 9 episodes",Renewed
Mind the Malhotras,Sitcom,"June 7, 2019","1 season, 9 episodes",Ended
The Family Man,Thriller,"September 20, 2019","1 season, 10 episodes",Renewed
Hostel Daze,Comedy-drama,"December 13, 2019","1 season, 5 episodes",Pending
The Forgotten Army,Historical drama,"January 24, 2020",5 episodes,Miniseries
Afsos,Comedy-drama,"February 6, 2020","1 season, 8 episodes",Ended
Panchayat,Comedy-drama,"April 3, 2020","1 season, 8 episodes",Pending
Paatal Lok,Crime thriller,"May 15, 2020","1 season, 9 episodes",Pending
Rasbhari,Comedy-drama,"June 25, 2020","1 season, 8 episodes",Pending
Breathe: Into the Shadows,Crime thriller,"July 10, 2020","1 season, 12 episodes",Pending
Bandish Bandits,Musical,"August 4, 2020","1 season, 10 episodes",Pending
Kamen Rider Amazons,Action/Horror,"April 1, 2016","2 seasons, 26 episodes",Ended
Happy Marriage!?,Romance drama,"June 22, 2016","1 season, 12 episodes",Ended
Baby Steps,Sports drama,"July 22, 2016","1 season, 10 episodes",Ended
Businessmen vs Aliens,Science fiction comedy,"September 8, 2016","1 season, 10 episodes",Ended
Fukuyado Honpo: Kyoto Love Story,Romance drama,"October 19, 2016","1 season, 12 episodes",Ended
Tokyo Girl,Drama,"December 16, 2016","1 season, 11 episodes",Ended
Ultraman Orb: The Origin Saga,Action drama,"December 26, 2016","1 season, 12 episodes",Ended
Gaki Rock: The Story of Kindness in Asakusa,Comedy-drama,"April 14, 2017","1 season, 12 episodes",Ended
Tokyo Vampire Hotel,Horror drama,"June 16, 2017","1 season, 9 episodes",Ended
Face: Cyber Hanzai Tokusouhan,Mystery drama,"July 11, 2017","1 season, 10 episodes",Ended
Tokyo Alice,Comedy-drama,"August 25, 2017","1 season, 12 episodes",Ended
Final Life,Mystery drama,"September 8, 2017","1 season, 12 episodes",Ended
Chase,Mystery drama,"December 22, 2017","2 seasons, 12 episodes",Ended
Shiro to Kiiro,Romance drama,"February 28, 2018","1 season, 25 episodes",Ended
Konta Teru's Legal Recipes,Cooking comedy,"March 6, 2018","1 season, 10 episodes",Ended
Shonan Junai Gumi,Action comedy-drama,"February 28, 2020","1 season, 8 episodes",Pending
Peep Time,Sitcom,"September 18, 2020","1 season, 8 episodes",Pending
Diablo Guardián,Action drama,"May 4, 2018","2 seasons, 18 episodes",Ended
Un Extraño Enemigo,Political thriller,"October 2, 2018","1 season, 8 episodes",Renewed
Pequeñas coincidencias[a],Romantic comedy,"December 7, 2018","2 seasons, 20 episodes",Renewed for final season
El Presidente,Sports drama,"June 5, 2020","1 season, 8 episodes",Pending
Cómo sobrevivir soltero,Comedy,"June 26, 2020","1 season, 10 episodes",Pending
Relatos con-fin-a-dos[a],Comedy-drama anthology,"July 3, 2020",5 episodes,Miniseries
La Jauría,Mystery thriller,"July 10, 2020","1 season, 8 episodes",Renewed
El Candidato,Crime drama,"July 17, 2020","1 season, 10 episodes",Pending
Súbete a mi moto[a],Drama,"October 9, 2020","1 season, 15 episodes",Pending
Awaiting release,Awaiting release,Awaiting release,Awaiting release,Awaiting release
El Cid,Historical drama,"December 18, 2020","1 season, TBA episodes",Pending
3 Caminos,Adventure,"January 22, 2021","1 season, TBA episodes",Pending
The Idolmaster KR,Musical drama,"April 28, 2017","1 season, 24 episodes",Korean,Ended
Gangstars,Crime drama,"June 1, 2018","1 season, 12 episodes",Telugu,Ended
Vella Raja,Crime drama,"December 2, 2018","1 season, 10 episodes",Tamil,Ended
The New Yorker Presents,Documentary,"February 16, 2016","1 season, 11 episodes",English,Ended
Prime Japan,Documentary,"May 15, 2016","1 season, 12 episodes",Japanese,Ended
Invisible Tokyo,Documentary,"July 15, 2016","1 season, 8 episodes",Japanese,Ended
All or Nothing,Sports documentary,"July 1, 2016","5 seasons, 40 episodes",English,Ended
Eat the World with Emeril Lagasse,Culinary art,"September 1, 2016","1 season, 6 episodes",English,Ended
The Grand Tour,Motoring,"November 18, 2016","4 seasons, 39 episodes",English,Season 4 ongoing
Ishi-chan no Sake Tabi,Cooking documentary,"February 3, 2017","1 season, 20 episodes",Japanese,Ended
American Playboy: The Hugh Hefner Story,Docudrama,"April 6, 2017","1 season, 10 episodes",English,Ended
Long Strange Trip,Documentary,"June 2, 2017","1 season, 6 episodes",English,Ended
Le Mans: Racing is Everything,Sports documentary,"June 9, 2017","1 season, 6 episodes",English,Ended
GRAND PRIX Driver,Sports documentary,"February 9, 2018","1 season, 4 episodes",English,Ended
All or Nothing: The Michigan Wolverines,Sports documentary,"April 7, 2018","1 season, 8 episodes",English,Ended
All or Nothing: New Zealand All Blacks,Sports documentary,"June 1, 2018","1 season, 6 episodes",English,Ended
Six Dreams,Sports documentary,"July 26, 2018","1 season, 6 episodes",English,Ended
Eat. Race. Win.,Sports documentary,"July 27, 2018","1 season, 6 episodes",English,Ended
Pistorius,Documentary,"August 1, 2018","1 season, 4 episodes",English,Ended
Harmony with A. R. Rahman,Travel documentary,"August 15, 2018","1 season, 5 episodes",English,Ended
All or Nothing: Manchester City,Sports documentary,"August 17, 2018","1 season, 8 episodes",English,Ended
The Gymkhana Files,Sports documentary,"November 16, 2018","1 season, 8 episodes",English,Ended
Inside Jokes,Comedian documentary,"November 30, 2018","1 season, 6 episodes",English,Ended
"Luis, el sabio del éxito",Sports documentary,"December 21, 2018","1 season, 2 episodes",Spanish,Ended
Lorena,Docuseries,"February 15, 2019","1 season, 4 episodes",English,Ended
This Giant Beast That is the Global Economy,Docuseries,"February 22, 2019","1 season, 8 episodes",English,Ended
This Is Football,Sports documentary,"August 2, 2019","1 season, 6 episodes",English,Ended
Free Meek,Docuseries,"August 9, 2019","1 season, 5 episodes",English,Ended
Inside Borussia Dortmund,Sports documentary,"August 16, 2019","1 season, 4 episodes",English,Ended
Take Us Home: Leeds United,Sports documentary,"August 16, 2019","2 seasons, 8 episodes",English,Pending
El Corazón de Sergio Ramos,Sports documentary,"September 13, 2019","1 season, 8 episodes",Spanish,Ended
"Huesca, más allá de un sueño",Sports documentary,"October 1, 2019","1 season, 8 episodes",Spanish,Ended
Jestination Unknown,Travel documentary,"October 18, 2019","1 season, 6 episodes",Hindi,Pending
James May: Our Man in Japan,Travel documentary,"January 3, 2020","1 season, 6 episodes",English,Ended
All or Nothing: Brazil national football team,Sports documentary,"January 31, 2020","1 season, 5 episodes",English,Pending
Ted Bundy: Falling for a Killer,Docuseries,"January 31, 2020","1 season, 5 episodes",English,Pending
The Test: A New Era for Australia's Team,Sports documentary,"March 12, 2020","1 season, 8 episodes",English,Pending
Regular Heroes,Docuseries,"May 8, 2020","1 season, 8 episodes",English,Pending
Futbolistas por el mundo,Sports documentary,"June 5, 2020","1 season, 4 episodes",Spanish,Ended
True Story,Comedy docudrama,"June 26, 2020","1 season, 6 episodes",French,Pending
De la vida al plato,Cooking documentary,"July 24, 2020","1 season, 8 episodes",Spanish,Pending
The Last Narc,Drug documentary,"July 31, 2020","1 season, 4 episodes",English,Pending
All or Nothing: Tottenham Hotspur,Sports documentary,"August 31, 2020","1 season, 9 episodes",English,Ended
Fernando,Sports documentary,"September 25, 2020","1 season, 5 episodes",English,Pending
El Desafío: ETA,Docuseries,"October 30, 2020","1 season, 8 episodes",Spanish,Pending
James May: Oh Cook!,Cooking show,"November 13, 2020","1 season, 7 episodes",English,Pending
Harumi's Kitchen,Cooking show,"November 4, 2016","1 season, 12 episodes",Japanese,Ended
Hitoshi Matsumoto Presents Documental,Comedy competition,"November 30, 2016","8 seasons, 38 episodes",Japanese,Pending
The Bachelor Japan,Dating reality show,"February 17, 2017","3 seasons, 50 episodes",Japanese,Pending
Caligula,Variety,"June 9, 2017","2 seasons, 38 episodes",Japanese,Ended
Sentosha: Battle Wheels,Motor competition,"October 6, 2017","2 seasons, 10 episodes",Japanese,Ended
The Remix,Music competition,"March 9, 2018","1 season, 10 episodes",Hindi,Ended
Comicstaan,Comedy competition,"July 13, 2018","2 seasons, 17 episodes",Hindi,Pending
Hitoshi Matsumoto Presents Freeze,Game show,"September 19, 2018","2 seasons, 10 episodes",Japanese,Pending
Hear Me Love Me,Dating game show,"September 28, 2018","1 season, 10 episodes",Hindi,Pending
LOL: Last One Laughing (México),Comedy competition,"December 14, 2018","2 seasons, 12 episodes",Spanish,Pending
Skulls and Roses,Reality competition,"August 29, 2019","1 season, 10 episodes",Hindi,Pending
"Una Vida, Una Cena",Cooking talk show,"December 17, 2019","1 season, 6 episodes",Spanish,Pending
Love Island France,Reality competition,"March 2, 2020","1 season, 15 episodes",French,Pending
Celebrity Hunted: Caccia all'uomo,Reality competition,"March 13, 2020","1 season, 6 episodes",Italian,Renewed
Wild and Free in Florianópolis,Reality show,"March 20, 2020","1 season, 8 episodes",Portuguese,Renewed
Making the Cut,Reality competition,"March 27, 2020","1 season, 10 episodes",English,Pending
LOL: Last One Laughing (Australia),Competition,"June 19, 2020","1 season, 6 episodes",English,Pending
World's Toughest Race: Eco-Challenge Fiji,Reality,"August 14, 2020","1 season, 10 episodes",English,Pending
Comicstaan Semma Comedy Pa,Comedy competition,"September 11, 2020","1 season, 8 episodes",Tamil,Pending
The Bachelorette Japan,Dating reality show,"October 9, 2020","1 season, 10 episodes",Japanese,Pending
The Pack,Competition,"November 20, 2020","1 season, 10 episodes",English,Pending
Chris Tall Presents,Stand-up comedy,"September 27, 2019","1 season, 6 episodes",German,Pending
One Mic Stand,Stand-up comedy,"November 14, 2019","1 season, 5 episodes",Hindi,Pending
Pan y Circo,Cooking talk show,"August 7, 2020","1 season, 7 episodes",Spanish,Pending
Prime Rewind: Inside the Boys,Aftershow,"August 28, 2020","1 season, 9 episodes",English,Pending
Ripper Street (seasons 3-5),BBC One (S3)BBC Two (S4-S5),Drama,"November 14, 2014","3 seasons, 21 episodes",English,Ended
The Collection,BBC Worldwide,Historical period drama,"September 2, 2016","1 season, 8 episodes",English,Ended
Dino Dana,TVOKids,Children,"May 26, 2017","3 seasons, 51 episodes",English,Ended
Britannia (season 1),Sky,Historical drama,"January 18, 2018","1 series, 9 episodes",English,Ended[b]
Falco,Telemundo,Drama,"July 15, 2018","1 season, 14 episodes",Spanish,Ended
Vanity Fair,ITV,Drama,"December 21, 2018",7 episodes,English,Miniseries
The Widow,ITV,Drama,"March 1, 2019","1 season, 8 episodes",English,Ended
El Pueblo,Telecinco,Comedy,"May 14, 2019","2 seasons, 16 episodes",Spanish,Renewed
Good Omens,BBC Two,Fantasy,"May 31, 2019",6 episodes,English,Miniseries
El juego de las llaves,Pantaya,Comedy-drama,"August 16, 2019","1 season, 10 episodes",Spanish,Renewed for seasons 2 and 3
Hernán,Azteca 7,Historical drama,"November 21, 2019","1 season, 8 episodes",Spanish,Renewed
The Feed,Liberty Global,Drama,"November 22, 2019","1 season, 10 episodes",English,Pending
Clifford the Big Red Dog,PBS Kids,Animation,"December 6, 2019","1 seasons, 33 episodes",English,Pending
Caronte,Telecinco,Legal drama,"March 6, 2020","1 season, 13 episodes",Spanish,Pending
ZeroZeroZero,Sky Italia/Canal+,Drama,"March 6, 2020",8 episodes,English/Italian,Miniseries
The Pale Horse,BBC One,Drama,"March 13, 2020",2 episodes,English,Miniseries
Ana,Comedy Central,Comedy-drama,"April 21, 2020","1 season, 10 episodes",Spanish,Pending
Inés del alma mía,RTVE/Chilevisión,Historical drama,"July 31, 2020",8 episodes,Miniseries,Spanish
Dignity,Mega/Joyn,Crime thriller,"November 13, 2020","1 season, 8 episodes",Spanish/German,Pending
Small Axe,BBC One,Anthology drama,"November 20, 2020",5 episodes,English,Miniseries ongoing
Der Lack ist ab (season 4-5),Comedy,My Video (S1-S2)sat1.de (S3),"December 19, 2017","2 seasons, 20 episodes",Germany,German,Ended
Pastewka (season 8-10),Comedy,Sat.1,"January 26, 2018","3 seasons, 30 episodes",Germany and Austria,German,Ended
The Expanse (season 4),Hard science-fiction,Syfy,"December 13, 2019","1 season, 10 episodes",Worldwide,English,"Season 5 due to premiere on December 16, 2020; Renewed for final season"
Absentia (season 3),Crime thriller,AXN[c],"July 17, 2020","1 season, 10 episodes",Worldwide,English,Pending
Awaiting release,Awaiting release,Awaiting release,Awaiting release,Awaiting release,Awaiting release,Awaiting release,Awaiting release
Vikings (season 6B),Historical drama,History,"December 30, 2020","1 season, 10 episodes","U.S, UK, Austria, Germany, and Ireland",English,Pending
Ponmagal Vandhal,Legal drama,"May 29, 2020",Tamil
Gulabo Sitabo,Comedy/Drama,"June 12, 2020",Hindi
Penguin,Mystery/Thriller,"June 19, 2020",Tamil/Telugu
Sufiyum Sujatayum,Musical/Drama,"July 3, 2020",Malayalam
Law,Legal drama,"July 17, 2020",Kannada
French Biriyani,Comedy/Drama,"July 24, 2020",Kannada
Shakuntala Devi,Biographical,"July 31, 2020",Hindi
C U Soon,Mystery/Thriller,"September 1, 2020",Malayalam
V,Action/Thriller,"September 5, 2020",Telugu
Nishabdham / Silence,Mystery/Thriller,"October 2, 2020",Telugu/Tamil
Halal Love Story,Comedy/Drama,"October 15, 2020",Malayalam
Putham Pudhu Kaalai,Drama,"October 16, 2020",Tamil
Bheemasena Nalamaharaja,Drama/Romance,"October 29, 2020",Kannada
Gatham,Thriller,"November 6, 2020",Telugu
Soorarai Pottru,Biographical,"November 12, 2020",Tamil
Chhalaang,Comedy/Drama,"November 13, 2020",Hindi
Manne Number 13,Horror,"November 19, 2020",Kannada
Middle Class Melodies,Romance,"November 20, 2020",Telugu
Bombhaat,Science fiction,"December 3, 2020",Telugu
Durgamati,Horror/Thriller,"December 11, 2020",Hindi
Awaiting release,Awaiting release,Awaiting release,Awaiting release
Guvva Gorinka,Romance/Drama,"December 17, 2020",Telugu
Maara,Romance/Drama,"December 17, 2020",Tamil
Unpaused,Anthology,"December 18, 2020",Hindi
Coolie No. 1,Comedy/Drama,"December 25, 2020",Hindi
Jonas Brothers: Chasing Happiness,"June 4, 2019",English
Andy Murray: Resurfacing,"November 29, 2019",English
Alejandro Sanz: #Lagira de #eldisco,"December 5, 2019",Spanish
Happiness Continues: A Jonas Brothers Concert Film,"April 24, 2020",English
Amaia: Una vuelta al sol,"May 1, 2020",Spanish
Ferro,"November 6, 2020",Italian
Kenny Sebastian: Don't be that Guy,"May 01, 2017",English
Biswa Kalyan Rath: Biswa Mast Aadmi,"May 19, 2017",Hindi
Kanan Gill: Keep it Real,"May 26, 2017",English
Zakir Khan: Haq Se Single,"July 09, 2017",Hindi
Nishant Tanwar aka Joke Singh: Delhi Se Hoon B******d,"April 6, 2018",Hindi
Vaibhav Sethia: Don't,"May 25, 2018",English
Zakir Khan: Kaksha Gyarvi,"November 23, 2018",Hindi
Kanan GillKenny Sebastian: Sketchy Behaviour,"February 14, 2019",English
Jim Gaffigan: Quality Time,"August 16, 2019",English
Flo & Joan: Alive on Stage,"August 19, 2019",English
Ed Gamble: Blood Sugar,"August 19, 2019",English
Paul Chowdhry: Live Init,"August 19, 2019",English
Chris Ramsey: Approval Needed,"August 19, 2019",English
Alice Wetterlund: My Mama Is A Human And So Am I,"August 23, 2019",English
Alonzo Bodden: Heavy Lightweight,"August 23, 2019",English
#IMomSoHard Live,"August 23, 2019",English
Mike E. Winfield: StepMan,"August 23, 2019",English
Biswa Kalyan Rath: Sushi,"October 25, 2019",English
Ilana Glazer: The Planet Is Burning,"January 3, 2020",English
Jayde Adams: Serious Black Jumper,"January 3, 2020",English
Rob Delaney: Jackie,"January 17, 2020",English
Russell Peters: Deported,"January 17, 2020",English
Celia Pacquola: All Talk,"April 10, 2020",English
Zoë Coombs Marr: Bossy Bottom,"April 10, 2020",English
Alice Fraser: Savage,"April 17, 2020",English
Tommy Little: Self-Diagnosed Genius,"April 17, 2020",English
Dilruk Jayasinha: Live,"April 24, 2020",English
Judith Lucy: Judith Lucy vs Men,"April 24, 2020",English
Lano & Woodley: Fly,"May 1, 2020",English
Tom Walker: Very Very,"May 1, 2020",English
Tom Gleeson: Joy,"May 8, 2020",English
Anne Edmonds: What's Wrong with You?,"May 8, 2020",English
Jimmy O. Yang: Good Deal,"May 8, 2020",English
Gina Brillon: The Floor Is Lava,"June 5, 2020",English
Jim Gaffigan: The Pale Tourist,"July 24, 2020",English
Savage X Fenty Show,"September 20, 2019",English
The Kacey Musgraves Christmas Show,"November 29, 2019",English
Savage X Fenty Show Vol. 2,"October 2, 2020",English
What the Constitution Means to Me,"October 16, 2020",English
Awaiting release,Awaiting release,Awaiting release
Yearly Departed,"December 30, 2020",English
Stan Lee's Superhero Kindergarten (co-production with Youku),Animated action-adventure comedy,"1 season, 52 episodes",Early 2021
The End,Hindi Action-thriller,TBA,Late 2021
Back to the Rafters,Comedy-drama,TBA,2021
Dinner Club,Italian cooking/travel documentary,TBA,2021
"Do, Re & Mi",Animation,TBA,2021
Fairfax,Adult animated comedy,"1 season, 8 episodes",2021; Renewed
Invincible,Adult animated superhero drama,"1 season, 8 episodes",2021
La Templanza,Spanish historical romance,TBA,2021
"LOL: Si te ríes, pierdes",Spanish competition,"1 season, 6 episodes",2021
The Lord of the Rings,Fantasy,TBA,2021; Renewed
The Missing One,French reality competition,TBA,2021
Narcos vs Zombies,Spanish horror,TBA,2021
Operations Totems,French historical drama,"1 season, 8 episodes",2021
Tell Me Your Secrets,Thriller drama,"1 season, 10 episodes",2021
Them,Anthology horror,TBA,2021; Renewed
Un Asunto Privado,Spanish thriller comedy,"1 season, 8 episodes",2021
The Underground Railroad,Drama miniseries,11 episodes,2021
Untitled David Weil series,Science fiction anthology,TBA,2021
Untitled Richard Hammond/Tory Belleci survival docu-series,Docu-series,TBA,2021
"Voltaire, Mixte",French historical drama,"1 season, 8 episodes",2021
A League of Their Own,Comedy,TBA,TBA
Bang Bang Baby,Italian crime drama,TBA,TBA
The Banker's Wife,Drama,"1 season, 8 episodes",TBA
Daisy Jones & The Six,Drama miniseries,13 episodes,TBA
Dom,Portuguese crime drama,TBA,TBA
Everybody Loves Diamonds,Italian heist drama,TBA,TBA
The Expatriates,Drama,TBA,TBA
Fallout,Post-apocalyptic drama,TBA,TBA
Frank of Ireland (co-production with Channel 4),Comedy,"1 season, 6 episodes",TBA
I Bought The Farm,Docu-series,"1 season, 8 episodes",TBA
I Know What You Did Last Summer,Young adult horror drama,TBA,TBA
"Iosi, El Espía Arrepentido",Spanish thriller,"1 season, 8 episodes",TBA
The Legend of Vox Machina,Adult animated action comedy,"1 season, 10 episodes",TBA; Renewed
Lightyears,Science fiction drama,TBA,TBA
Noticia De Un Secuestro,Spanish drama,"1 season, 6 episodes",TBA
Sin Limites,Spanish historical drama,"1 season, 4 episodes",TBA
The Offenders (co-production with BBC One),Comedy,"1 season, 6 episodes",TBA
Outer Range,Mystery,TBA,TBA
Panic,Young adult drama,TBA,TBA
Paper Girls,Science fiction,TBA,TBA
The Peripheral,Drama,TBA,TBA
The Power,Drama,TBA,TBA
The Pursuit of Love (co-production with BBC One),Drama miniseries,3 episodes,TBA
The Rig,Supernatural thriller,"1 season, 6 episodes",TBA
Rihanna: Volume 1,Documentary,TBA,TBA
The Terminal List,Conspiracy thriller,TBA,TBA
Three Pines,Crime drama,TBA,TBA
Untilted Amancio Ortega docudrama,Spanish docudrama,"1 season, 8 episodes",TBA
Untitled Jack Reacher series,Drama,TBA,TBA
Untitled Jason Katims autism comedy drama series,Comedy drama,TBA,TBA
Untilted Paris Saint-Germain F.C. docu-series,Sports docu-series,"1 season, 4 episodes",TBA
Untitled Priyanka Chopra/Nick Jonas unscripted sangeet series,Reality,TBA,TBA
Untitled Tracy Oliver comedy series,Comedy,"1 season, 10 episodes",TBA
Vita da Carlo,Italian comedy,"1 season, 10 episodes",TBA
The Wheel of Time,Fantasy,TBA,TBA
The Kids in the Hall (season 6),Sketch comedy,English,HBOCBSCBC Television,"1 season, 8 episodes",TBA,Worldwide
Flack (season 2),Dark comedy,English,Pop,"1 season, 6 episodes",TBA,United States and Canada
2051,Adult animated comedy
A Brief History of Seven Killings,Drama
Alex Cross,Drama
Amberville,Adult animated crime comedy
Atlas,Drama
Black America,Drama
Charlotte Walsh Likes to Win,Drama miniseries
Cleopatra,Drama
Cowboy Girls,Drama
Daddy,Drama
Deadtown,Drama
Dirty,Drama
East of West,Science fiction western
El Internado: Las Cumbres,Spanish thriller drama
Emmis,Drama miniseries
Event Horizon,Science fiction
Fast Color,Science fiction
Fear Agent,Science fiction
Felix Ever After,Drama
Galaxy Quest,Comedy
Girl Waits with Gun,Drama
Grimjack,Fantasy
Half-Empty,Comedy
Havenfall,Fantasy drama
Highfire,Fantasy thriller
Homecoming Queen,Comedy
JNNA,Comedy
Late Bloomers,Comedy
Lazarus,Science fiction
Lov3,Portuguese drama
Mastermind,Crime drama
Nancy Wu Done It,Young adult mystery-comedy
Ninth House,Dark fantasy
Ninth Street Women,Drama
Oaklandia,Animated sitcom
Outrider,Western
Parot,Spanish thriller
The Promised Neverland,Dark fantasy mystery thriller
Rage for Fame,Drama
Ricky & Cricket,Adult animated comedy
Ringworld,Science fiction
Rodeo Queen,Mockumentary
Setembro,Portuguese drama
Singe!,Comedy
The Bonfire of the Vanities,Drama
The Departed,Drama
The Girl with the Dragon Tattoo,Psychological thriller drama
The Hospital,Adult animated black comedy
The Inheritance Games,Young adult
The Last Hour,Hindi crime thriller
The Marriage Plot: A Reliable Wife,Drama
The Problem with Mel Purview,Comedy
Thirteen,Drama
Toy Wars,Drama
Transhuman,Science fiction
Untitled Blake Lively scripted series,Fashion drama
Untitled Catalina Aguilar Mastretta comedy series,Comedy
Untitled Cuba project,Drama
Untitled Danny DeVito/Jeff Goldblum comedy series,Comedy
Untitled Grateful Dead drama series,Drama
Untitled Joe Exotic drama series,Drama
Untitled John Stamos drama series,Drama
Untitled Kevin Kwan drama series,Drama
Untitled Oliver North limited series,Drama miniseries
Untitled Salma Hayek comedy series,Comedy
Untitled Sigmund Freud miniseries,Drama miniseries
Untitled Sharon Horgan comedy series,Comedy
We Children of Zoo Station,German drama
The Mad Woman's Ball,Period mystery thriller,2021,TBA,French
The ABC Murders,Mystery/Thriller,BBC One,United Kingdom,United States,"1 season, 3 episodes",2018
Absentia,Thriller,AXN,Spain,United States,"3 seasons, 30 episodes",2017-present
American Gods,Drama,Starz,United States,Worldwide except United States,"2 season, 16 episodes",2017-present
A Very English Scandal,Comedy-drama/Miniseries,BBC One,United Kingdom,Worldwide except Japan and Canada,"1 season, 3 episodes",2018
Black Sails,Historical drama,Starz,United States,United Kingdom and Ireland,"4 seasons, 38 episodes",2014-17
Bookaboo,Children's,CITV,United Kingdom,United States and Japan,"1 season, 8 episodes",2016
The Bold Type,Comedy-drama,Freeform,United States,Selected territories,"1 season, 10 episodes",2017-present
BrainDead,Comedy-drama,CBS,United States,United Kingdom and Ireland,"1 season, 13 episodes",2016
Catastrophe,Comedy,Channel 4,United Kingdom,Worldwide except Japan,"4 seasons, 24 episodes",2015-19
Doctor Thorne,Drama,ITV,United Kingdom,"Worldwide except Japan, United Kingdom and Ireland","1 season, 3 episodes",2016
The Expanse (S1-S3),Science fiction,Syfy,United States,Worldwide,"3 seasons, 36 episodes",2015-18
Falling Water,Drama,USA,United States,Switzerland,"1 season, 10 episodes",2016-18
Fleabag,Comedy-drama,BBC Three,United Kingdom,Worldwide except United Kingdom and Ireland,"2 season, 12 episodes",2016-19
The Girlfriend Experience,Drama,Starz,United States,Selected territories,"2 seasons, 27 episodes",2016-present
The Goes Wrong Show,Comedy,BBC One,United Kingdom,"United States, Canada, New Zealand and Australia","1 season, 6 episodes",2020-present
Halt and Catch Fire,Drama,AMC,United States,"United Kingdom, Ireland and  Switzerland","4 seasons, 40 episodes",2014-17
Informer,Drama,BBC One,United Kingdom,Worldwide except Japan,"1 season, 6 episodes",2019-present
Into the Badlands,Action drama/Wuxia,AMC,United States,Selected territories,"3 seasons, 32 episodes",2015-19
Life in Pieces,Sitcom,CBS,United States,United Kingdom and Ireland,"2 seasons, 44 episodes",2015-19
Little Fires Everywhere,Drama,Hulu,United States,"Worldwide except United States, India","1 season, 8 episodes",2020
The Looming Tower,Drama,Hulu,United States,Worldwide except United States,"1 season, 10 episodes",2018
Marvel's Cloak & Dagger,Superhero drama,Freeform,United States,Selected territories,"2 seasons, 20 episodes",2018-19
McMafia,Crime drama,BBC One/AMC,United Kingdom/United States & Canada,"Worldwide except United Kingdom, United States and Canada","1 season, 8 episodes",2018
Outlander,Drama,Starz,United States,"United Kingdom, Ireland and Austria","5 seasons, 67 episodes",2014-present
The Path,Drama,Hulu,United States,"United Kingdom, Ireland and Switzerland","3 seasons, 36 episodes",2016-18
Philip K. Dick's Electric Dreams,Science fiction anthology,Channel 4,United Kingdom,"United States, Japan and Latin America","1 season, 10 episodes",2018
Picnic at Hanging Rock,Mystery/Romance drama,Fox Showcase,Australia,United States,"1 season, 6 episodes",2018
Please Like Me,Comedy-drama,ABC,Australia,United Kingdom,"4 seasons, 32 episodes",2013-16
Preacher,Drama,AMC,United States,Selected territories,"4 seasons, 43 episodes",2016-19
The Purge,Horror,USA Network,United States,"Canada, Japan and Latin America","2 season, 12 episodes",2018-present
The Red Road,Drama,SundanceTV,United States,"United Kingdom, Ireland and Switzerland","2 seasons, 12 episodes",2014-15
Roadies,Comedy-drama,Showtime,United States,United Kingdom,"1 season, 10 episodes",2016
Rogue,Crime drama,Audience Network,Canada/United Kingdom,"United Kingdom, Ireland and Switzerland","4 seasons, 50 episodes",2013-17
Star Trek: Picard,Science fiction,CBS All Access,United States,Worldwide except U.S. and Canada,"1 season, 10 episodes",2020-present
StartUp,Drama,Crackle,United States,Worldwide except United States,"3 seasons, 30 episodes",2016-present
Treadstone,Action drama,USA Network,United States,Worldwide except United States,"1 season, 10 episodes",2019-present
TURN: Washington's Spies,Historical drama,AMC,United States,"United Kingdom, Ireland and Switzerland","4 seasons, 40 episodes",2014-17
Vikings,Historical drama,History,United States,"United Kingdom, Ireland and Japan","4 seasons, 49 episodes",2013-present
The Walking Dead: World Beyond,Horror Zombie apocalypse,AMC,United States,Selected territories,"1 season, 10 episodes",2020-present
Wayne,Action comedy,YouTube Premium,United States,Selected territories,"1 season, 10 episodes",2019
White Dragon,Thriller,ITV,United Kingdom,Selected territories,"1 season, 8 episodes",2018-present
Upcoming,Upcoming,Upcoming,Upcoming,Upcoming,Upcoming,Upcoming
It's a Sin,Period drama,Channel 4HBO Max,United KingdomUnited States,Canada,"1 season, 5 episodes",2021
The Bureau,Political thriller,Canal+,France,United Kingdom and Ireland,"3 seasons, 20 episodes",2015-present
De viaje con los Derbez,Documentary/Comedy,Pantaya,United States,Worldwide except United States and Puerto Rico,"1 season, 8 episodes",2019
Thunderbirds Are Go,Science fiction,ITV,United Kingdom,United States,"2 seasons, 52 episodes",2015-present,English
"Ronja, the Robber's Daughter",Fantasy,NHK,Japan,United States,"1 season, 26 episodes",2014-15,English
King Lear,Drama,United Kingdom,"Worldwide except United Kingdom, Japan & Canada",English
The Upside,Drama,United States,Worldwide except United States,English
Zoe,Science fiction,United States,Selected territories,English
Halston,Documentary,United States,Selected territories,English
Chiara Ferragni: Unposted,Documentary,United States,Selected territories,English/Italian
Palm Springs,Romantic comedy,United States,Selected territories,English
Browsers,1,Comedy,"April 19, 2013",
Dark Minions,1,Animation,"April 19, 2013",
Onion News Empire,1,Comedy,"April 19, 2013",
Positively Ozitively,1,Animation,"April 19, 2013",
Sara Solves It,1,Animation,"April 19, 2013",
Supanatural,1,Animation,"April 19, 2013",
Teeny Tiny Dogs,1,Animation,"April 19, 2013",
Those Who Can't,1,Comedy,"April 19, 2013",
Zombieland,1,Comedy,"April 19, 2013",
The After,2,Science fiction,"February 6, 2014",
Hardboiled Eggheads,2,Animation,"February 6, 2014",
The Jo B. & G. Raff Show!,2,Animation,"February 6, 2014",
Maker Shack Agency,2,Teen sitcom,"February 6, 2014",
The Rebels,2,Comedy,"February 6, 2014",
The Cosmopolitans,3,Comedy-drama,"August 28, 2014",
Hysteria,3,Drama,"August 28, 2014",
Really,3,Comedy,"August 28, 2014",
Cocked,4,Drama,"January 15, 2015",
Down Dog,4,Comedy,"January 15, 2015",
Point of Honor,4,Drama,"January 15, 2015",
Salem Rogers,4,Comedy,"January 15, 2015",
The Adventures of Knickerbock Teetertop,5,Animation,"June 26, 2015",
Bear in Underwear,5,Animation,"June 26, 2015",
A History of Radness,5,Comedy,"June 26, 2015",
Lily the Unicorn,5,Animation,"June 26, 2015",
Casanova,5.5,Drama,"August 7, 2015",
Eddie of the Realms Eternal,6,Animation,"November 5, 2015",
Edge,6,Drama,"November 5, 2015",
Everstar,6,Animation,"November 5, 2015",
Highston,6,Comedy,"November 5, 2015",
The Numberlys,6,Animation,"November 5, 2015",
Yoyotoki HappyEars!,6,Animation,"November 5, 2015",
The Curious Kitty & Friends,7,Animation,"June 17, 2016",
The Interestings,7,Drama,"June 17, 2016",
JazzDuck,7,Animation,"June 17, 2016",
Morris the Cow,7,Animation,"June 17, 2016",
Toasty Tales,7,Animation,"June 17, 2016",
Oasis,8,Science fiction,"March 17, 2017",
The Legend of Master Legend,8,Comedy,"March 17, 2017",
Budding Prospects,8,Comedy,"March 17, 2017",
The New V.I.P.’s,8,Animation,"March 17, 2017",
A Kid Called Mayonnaise,Fall 2017 (I),Teen sitcom,"September 1, 2017",
Skyward,Fall 2017 (I),Science fiction,"September 1, 2017",
Will vs. The Future,Fall 2017 (I),Science fiction,"September 1, 2017",
Sea Oak,Fall 2017 (II),Comedy,"November 10, 2017",
Love You More,Fall 2017 (II),Comedy,"November 10, 2017",
The Climb,Fall 2017 (II),Comedy,"November 10, 2017",
