Title,Age
Ted Lasso,12+
The Morning Show,12+
WolfWalkers,6+
Greyhound,12+
Defending Jacob,12+
Servant,12+
See,12+
On the Rocks,12+
Teheran,16+
The Banker,6+
For All Mankind,12+
Dickinson,12+
Mythic Quest: Raven's Banquet,16+
Home Before Dark,12+
Truth Be Told,16+
A Charlie Brown Christmas,0+
Palmer,12+
Central Park,6+
Amazing Stories,12+
Trying,12+
Long Way Up,6+
Boys State,6+
Little Voice,6+
Little America,12+
Fireball: Visitors from Darker Worlds,6+
Mariah Carey's Magical Christmas Special,0+
Earth at Night in Color,6+
Ghostwriter,0+
Stillwater,0+
Tiny World,0+
Hala,12+
Fraggle Rock,0+
Dads,0+
Bruce Springsteen's Letter to You,0+
Becoming You,0+