Title,Genre,Premiere,Seasons,Runtime,Status
Stranger Things,Science fiction/horror,"July 15, 2016","3 seasons, 25 episodes",42–78 min.,Renewed[1]
The Crown,Historical drama,"November 4, 2016","4 seasons, 40 episodes",47–61 min.,Renewed for seasons 5 and 6 (final)[2][3]
Ozark,Crime drama,"July 21, 2017","3 seasons, 30 episodes",52–80 min.,Renewed for two part final season[4]
Lost in Space,Science fiction,"April 13, 2018","2 seasons, 20 episodes",39–66 min.,Renewed for final season[5]
Chilling Adventures of Sabrina,Supernatural coming-of-age horror,"October 26, 2018","3 parts, 28 episodes",50–64 min.,"Final part due to premiere on December 31, 2020[6]"
Narcos: Mexico,Crime drama,"November 16, 2018","2 seasons, 20 episodes",45–70 min.,Renewed[7]
The Umbrella Academy,Superhero action,"February 15, 2019","2 seasons, 20 episodes",40–60 min.,Renewed[8]
Black Summer,Zombie drama,"April 11, 2019","1 season, 8 episodes",21–45 min.,Renewed[9]
Another Life,Science fiction drama,"July 25, 2019","1 season, 10 episodes",37–61 min.,Renewed[10]
Criminal: UK,Police procedural anthology series,"September 20, 2019","2 seasons, 7 episodes",41–47 min.,Pending
Raising Dion,Superhero/Science fiction drama,"October 4, 2019","1 season, 9 episodes",39–51 min.,Renewed[11]
Virgin River,Romantic drama,"December 6, 2019","2 seasons, 20 episodes",40–49 min.,Pending
The Witcher,Fantasy drama,"December 20, 2019","1 season, 8 episodes",47–67 min.,Renewed[12]
Locke & Key,Horror teen drama,"February 7, 2020","1 season, 10 episodes",40–56 min.,Renewed[13]
The Letter for the King,Fantasy,"March 20, 2020","1 season, 6 episodes",40–51 min.,Pending
Outer Banks,Coming-of-age drama,"April 15, 2020","1 season, 10 episodes",46–56 min.,Renewed[14]
Sweet Magnolias,Romance drama,"May 19, 2020","1 season, 10 episodes",43–52 min.,Renewed[15]
Blood & Water,Teen drama,"May 20, 2020","1 season, 6 episodes",43–53 min.,Renewed[16]
Homemade,Anthology series,"June 30, 2020","1 volume, 17 episodes",4–11 min.,Pending
Warrior Nun,Fantasy,"July 2, 2020","1 season, 10 episodes",37–50 min.,Renewed[17]
Cursed,Fantasy,"July 17, 2020","1 season, 10 episodes",48–59 min.,Pending
Young Wallander,Detective drama,"September 3, 2020","1 season, 6 episodes",41–52 min.,Renewed[18]
Ratched,Drama,"September 18, 2020","1 season, 8 episodes",45–62 min,Renewed[19]
The Haunting of Bly Manor,Horror,"October 9, 2020",9 episodes,45–66 min.,Miniseries
Social Distance,Anthology series,"October 15, 2020","1 season, 8 episodes",18–23 min.,Pending
Grand Army,Teen drama,"October 16, 2020","1 season, 9 episodes",47–72 min.,Pending
The Queen's Gambit,Drama,"October 23, 2020",7 episodes,46–67 min.,Miniseries
Dash & Lily,Romance,"November 10, 2020","1 season, 8 episodes",23–27 min.,Pending
Selena: The Series,Biopic,"December 4, 2020","1 part, 9 episodes",33–41 min.,Pending
Awaiting release,Awaiting release,Awaiting release,Awaiting release,Awaiting release,Awaiting release
Tiny Pretty Things,Teen drama,"December 14, 2020[20]","1 season, 10 episodes",TBA,Pending
Bridgerton,Romance,"December 25, 2020[21]","1 season, 8 episodes",TBA,Pending
Fate: The Winx Saga[22],Teen drama fantasy,"January 22, 2021[23]","1 season, 6 episodes",TBA,Pending
Firefly Lane[24][25],Drama,"February 3, 2021[26]","1 season, 10 episodes",TBA,Pending
Grace and Frankie,Comedy-drama,"May 8, 2015","6 seasons, 78 episodes",25–35 min.,Renewed for final season[27]
Dear White People,Satire/drama,"April 28, 2017","3 volumes, 30 episodes",21–36 min.,Renewed for final season[28]
Atypical,Coming-of-age comedy,"August 11, 2017","3 seasons, 28 episodes",26–38 min.,Renewed for final season[29]
On My Block,Coming-of-age comedy,"March 16, 2018","3 seasons, 28 episodes",23–36 min.,Pending
The Kominsky Method,Comedy,"November 16, 2018","2 seasons, 16 episodes",22–34 min.,Renewed for final season[30]
Sex Education,Comedy-drama,"January 11, 2019","2 seasons, 16 episodes",47–59 min.,Renewed[31]
Russian Doll,Comedy,"February 1, 2019","1 season, 8 episodes",25–30 min.,Renewed[32]
After Life,Comedy,"March 8, 2019","2 seasons, 12 episodes",25–31 min.,Renewed[33]
Special,Comedy,"April 12, 2019","1 season, 8 episodes",12–17 min.,Renewed[34]
I Think You Should Leave with Tim Robinson,Sketch comedy,"April 23, 2019","1 season, 6 episodes",16–18 min.,Renewed[35]
Bonding,Dark comedy,"April 24, 2019","1 season, 7 episodes",13–17 min.,Renewed[36]
Dead to Me,Black comedy-drama,"May 3, 2019","2 seasons, 20 episodes",26–33 min.,Renewed for final season[37]
Malibu Rescue: The Series,Comedy,"June 3, 2019","1 season, 8 episodes",22–26 min.,Renewed[38]
Mr. Iglesias,Comedy,"June 21, 2019","3 parts, 21 episodes",25–32 min.,Pending
Family Reunion,Comedy,"July 10, 2019","2 parts, 19 episodes",25–34 min.,Renewed[39]
Team Kaylie,Sitcom,"September 23, 2019","3 parts, 20 episodes",22-30 min.,Pending
The Politician,Comedy,"September 27, 2019","2 seasons, 15 episodes",28–62 min.,Pending
Medical Police,Comedy,"January 10, 2020","1 season, 10 episodes",21–29 min.,Pending
The Healing Powers of Dude,Family comedy,"January 13, 2020","1 season, 8 episodes",23-28 min.,Pending
Gentefied,Comedy-drama,"February 21, 2020","1 season, 10 episodes",25–31 min.,Renewed[40]
The Iliza Shlesinger Sketch Show,Sketch comedy,"April 1, 2020","1 season, 6 episodes",18–20 min.,Pending
Brews Brothers,Comedy,"April 10, 2020","1 season, 8 episodes",26–30 min.,Pending
#blackAF,Sitcom,"April 17, 2020","1 season, 8 episodes",32–48 min.,Renewed[41]
Never Have I Ever,Comedy,"April 27, 2020","1 season, 10 episodes",22–30 min.,Renewed[42]
Space Force,Comedy,"May 29, 2020","1 season, 10 episodes",27–36 min.,Renewed[43]
The Baby-Sitters Club,Dramedy,"July 3, 2020","1 season, 10 episodes",24–29 min.,Renewed[44]
Game On: A Comedy Crossover Event,Comedy,"August 10, 2020","1 season, 4 episodes",26–30 min.,Pending
Julie and the Phantoms,Musical comedy,"September 10, 2020","1 season, 9 episodes",27–38 min.,Pending
The Duchess,Comedy,"September 11, 2020","1 season, 6 episodes",19–28 min.,Pending
Sneakerheads,Comedy,"September 25, 2020","1 season, 6 episodes",23–25 min.,Pending
Emily in Paris,Comedy-drama,"October 2, 2020","1 season, 10 episodes",24–34 min.,Renewed[45]
Aunty Donna's Big Ol' House of Fun,Comedy,"November 11, 2020","1 season, 6 episodes",17–23 min.,Pending
Awaiting release,Awaiting release,Awaiting release,Awaiting release,Awaiting release,Awaiting release
How to Ruin Christmas: The Wedding[46],Comedy,"December 16, 2020",TBA,TBA,Pending
F Is for Family,Sitcom,"December 18, 2015","4 seasons, 36 episodes",25–29 min.,English,Renewed for final season[47]
Big Mouth,Coming-of-age comedy,"September 29, 2017","4 seasons, 41 episodes",25–46 min.,English,Renewed for seasons 5 and 6[48]
Disenchantment,Medieval fantasy comedy,"August 17, 2018","2 parts, 20 episodes",22–36 min.,English,Renewed for parts 3 and 4[49]
Paradise PD,Comedy,"August 31, 2018","2 parts, 18 episodes",26–30 min.,English,Renewed[50]
"Love, Death & Robots",Anthology,"March 15, 2019","1 volume, 18 episodes",6–17 min.,English,Renewed[51]
Trailer Park Boys: The Animated Series,Mockumentary,"March 31, 2019","2 seasons, 20 episodes",23–26 min.,English,Pending
The Midnight Gospel,Science fantasy/dark comedy,"April 20, 2020","1 season, 8 episodes",20–36 min.,English,Pending
The Liberator,War drama,"November 11, 2020",4 episodes,45–56 min.,English,Miniseries
Castlevania,Dark fantasy,"July 7, 2017","3 seasons, 22 episodes",22–31 min.,English,Renewed[52]
B: The Beginning,Suspense,"March 2, 2018","1 season, 12 episodes",25–27 min.,Japanese,Renewed[53]
Aggretsuko,Comedy,"April 20, 2018","3 seasons, 30 episodes",15–23 min.,Japanese,Pending
Ultraman,Science fiction,"April 1, 2019","1 season, 13 episodes",23–25 min.,Japanese,Renewed[54]
7SEEDS,Science fiction,"June 28, 2019","2 parts, 24 episodes",24–26 min.,Japanese,Renewed[55]
Knights of the Zodiac: Saint Seiya,Action,"July 19, 2019","2 parts, 12 episodes",23 min.,Japanese,Pending
Dino Girl Gauko,Children's series,"November 22, 2019","2 seasons, 39 episodes",9 min.,Japanese,Pending
The Disastrous Life of Saiki K.: Reawakened,Supernatural comedy,"December 30, 2019","1 season, 6 episodes",23 min.,Japanese,Pending
Cagaster of an Insect Cage,Science fiction,"February 6, 2020","1 season, 12 episodes",25–33 min.,Japanese,Pending
Ghost in the Shell: SAC_2045,Science fiction,"April 23, 2020","1 season, 12 episodes",24 min.,Japanese,Renewed[56]
Japan Sinks: 2020,Disaster,"July 9, 2020","1 season, 10 episodes",25–32 min.,Japanese,Pending
Transformers: War for Cybertron Trilogy: Siege,Science fiction,"July 30, 2020","1 chapter, 6 episodes",23–24 min.,English,Miniseries
The Idhun Chronicles,Fantasy/Action,"September 10, 2020","1 part, 5 episodes",26 min.,Spanish,"Part 2 due to premiere on January 8, 2021"
Dragon's Dogma,Dark fantasy/Adventure,"September 17, 2020","1 season, 7 episodes",19–32 min.,English,Pending
Blood of Zeus,Fantasy/Action,"October 27, 2020","1 season, 8 episodes",25–37 min.,English,Renewed[57]
Awaiting release,Awaiting release,Awaiting release,Awaiting release,Awaiting release,Awaiting release,Awaiting release
Transformers: War for Cybertron Trilogy: Earthrise[58],Science fiction,"December 30, 2020",TBA,TBA,English,Miniseries
Word Party,"July 8, 2016","4 seasons, 50 episodes",13 min.,Pending
The Boss Baby: Back in Business,"April 6, 2018","4 seasons, 49 episodes",24 min.,Pending
The Dragon Prince,"September 14, 2018","3 seasons, 27 episodes",24–33 min.,"Renewed for seasons 4, 5, 6 and 7 (final)[59]"
Hilda,"September 21, 2018","1 season, 13 episodes",24 min.,"Season 2 due to premiere on December 14, 2020[60][61]"
Carmen Sandiego,"January 18, 2019","3 seasons, 25 episodes",23–33 min.,Renewed[62]
YooHoo to the Rescue,"March 15, 2019","3 seasons, 52 episodes",12–14 min.,Pending
Mighty Little Bheem,"April 12, 2019","3 seasons, 64 episodes",6–7 min.,Pending
Archibald's Next Big Thing,"September 6, 2019","2 seasons, 26 episodes",24 min.,Pending
The Last Kids on Earth,"September 17, 2019","3 books, 21 episodes",23–67 min.,Pending
Dragons: Rescue Riders,"September 27, 2019","2 seasons, 26 episodes",24 min.,Pending
Hello Ninja,"November 1, 2019","3 seasons, 29 episodes",11–23 min.,Pending
Green Eggs and Ham,"November 8, 2019","1 season, 13 episodes",27–28 min.,Renewed[63]
Fast & Furious Spy Racers,"December 26, 2019","2 seasons, 16 episodes",23–24 min.,"Season 3 due to premiere on December 26, 2020[64]"
Go! Go! Cory Carson,"January 4, 2020","2 seasons, 14 episodes",7–8 min.,"Season 3 due to premiere on December 26, 2020[64]"
Glitch Techs,"February 21, 2020","2 seasons, 19 episodes",23–46 min.,Pending
Mighty Little Bheem: Festival of Colors,"March 5, 2020","1 collection, 3 episodes",6–7 min.,Pending
Buddi,"March 20, 2020","2 seasons, 16 episodes",12 min.,Pending
Spirit Riding Free: Riding Academy,"April 3, 2020","2 parts, 16 episodes",24 min.,Pending
StarBeam,"April 3, 2020","2 seasons, 16 episodes",11-14 min.,Pending
Chico Bon Bon: Monkey with a Tool Belt,"May 8, 2020","3 seasons, 38 episodes",14 min.,Pending
True: Terrific Tales,"May 12, 2020","1 season, 8 episodes",7–8 min.,Pending
Rhyme Time Town,"June 19, 2020","1 season, 6 episodes",24 min.,Pending
The Epic Tales of Captain Underpants in Space,"July 10, 2020",6 episodes,24 min.,Miniseries[65]
Wizards: Tales of Arcadia,"August 7, 2020",10 episodes,23–24 min.,Miniseries
Word Party Songs,"August 7, 2020","1 season, 8 episodes",3 min.,Pending
Jurassic World Camp Cretaceous,"September 18, 2020","1 season, 8 episodes",24 min.,Renewed[66]
Mighty Express,"September 22, 2020","1 season, 10 episodes",14 min.,Pending
Trash Truck,"November 10, 2020","1 season, 12 episodes",12–17 min.,Pending
Awaiting release,Awaiting release,Awaiting release,Awaiting release,Awaiting release
Rhyme Time Town Singalongs[67],"December 22, 2020",TBA,TBA,Pending
Gabby's Dollhouse,"January 5, 2021[68]",TBA,TBA,Pending
The Hook Up Plan,Romantic comedy,"December 7, 2018","2 seasons, 15 episodes",22–49 min.,Renewed for final season[69]
Family Business,Comedy,"June 28, 2019","2 seasons, 12 episodes",27–38 min.,Renewed[70]
Mortel,Supernatural drama,"November 21, 2019","1 season, 6 episodes",46–54 min.,Renewed[71]
Vampires,Supernatural drama,"March 20, 2020","1 season, 6 episodes",37–44 min.,Pending
Into the Night,Science fiction,"May 1, 2020","1 season, 6 episodes",35–40 min.,Renewed[72]
La Révolution,Supernatural drama,"October 16, 2020","1 season, 8 episodes",39–57 min.,Pending
Awaiting release,Awaiting release,Awaiting release,Awaiting release,Awaiting release,Awaiting release,Awaiting release
Lupin[73][74],Drama,"January 8, 2021[75]",TBA,TBA,Pending
How to Sell Drugs Online (Fast),Dark comedy,"May 31, 2019","2 seasons, 12 episodes",24–35 min.,Renewed[76]
Biohackers,Thriller,"August 20, 2020","1 season, 6 episodes",40–46 min.,Renewed[77]
The Last Word,Comedy-drama,"September 17, 2020","1 season, 6 episodes",30–49 min.,Pending
Barbarians,Historical drama,"October 23, 2020","1 season, 6 episodes",41–51 min.,Renewed[78]
Over Christmas,Comedy,"November 27, 2020","1 season, 3 episodes",44–50 min.,Miniseries
Delhi Crime,Police procedural,"March 22, 2019","1 season, 7 episodes",45–64 min.,Renewed[79]
Jamtara - Sabka Number Ayega,Crime drama,"January 10, 2020","1 season, 10 episodes",23–49 min.,Pending
Taj Mahal 1989,Romantic comedy,"February 14, 2020","1 season, 7 episodes",31–36 min.,Pending
She,Crime drama,"March 20, 2020","1 season, 7 episodes",31–43 min.,Pending
Hasmukh,Comedy,"April 17, 2020","1 season, 10 episodes",29–39 min.,Pending
Betaal,Thriller,"May 24, 2020","1 season, 4 episodes",45–49 min.,Pending
Masaba Masaba,Drama,"August 28, 2020","1 season, 6 episodes",25–34 min.,Pending
Mismatched,Romantic comedy,"November 20, 2020","1 season, 6 episodes",29–35 min.,Pending
Bhaag Beanie Bhaag,Comedy,"December 4, 2020","1 season, 6 episodes",26–32 min.,Pending
Luna Nera,Historical drama,"January 31, 2020","1 season, 6 episodes",40–56 min.,Pending
Summertime,Teen drama,"April 29, 2020","1 season, 8 episodes",34–54 min.,Renewed[80]
Curon,Supernatural drama,"June 10, 2020","1 season, 7 episodes",41–51 min.,Pending
The Naked Director,Period drama comedy,"August 8, 2019","1 season, 8 episodes",39–54 min.,Renewed[81]
Followers,Drama,"February 27, 2020","1 season, 9 episodes",33–46 min.,Pending
JU-ON: Origins,Horror,"July 3, 2020","1 season, 6 episodes",26–31 min.,Pending
Alice in Borderland,Fantasy,"December 10, 2020","1 season, 8 episodes",41–52 min.,Pending
Kingdom,Fantasy,"January 25, 2019","2 seasons, 12 episodes",36–57 min.,Pending
Persona,Drama anthology series,"April 11, 2019","1 collection, 4 episodes",19–27 min.,Renewed[82]
Love Alarm,Romantic comedy,"August 22, 2019","1 season, 8 episodes",42–56 min.,Renewed[83]
Extracurricular,Teen/crime drama,"April 29, 2020","1 season, 10 episodes",44–72 min.,Pending
The School Nurse Files,Fantasy drama,"September 25, 2020","1 season, 6 episodes",45–57 min.,Pending
Awaiting release,Awaiting release,Awaiting release,Awaiting release,Awaiting release,Awaiting release,Awaiting release
Sweet Home[84],Horror,"December 18, 2020[85]","1 season, 10 episodes",TBA,Pending
The Ghost Bride,Mystery drama,"January 23, 2020","1 volume, 6 episodes",48–57 min.,Pending
The Victims' Game,Thriller,"April 30, 2020","1 season, 8 episodes",62–67 min.,Renewed[86]
Home for Christmas,Comedy drama,"December 5, 2019","1 season, 6 episodes",27–32 min.,"Season 2 due to premiere on December 18, 2020[87]"
Ragnarok,Fantasy superhero drama,"January 31, 2020","1 season, 6 episodes",40–48 min.,Renewed[88]
Bloodride,Horror anthology,"March 13, 2020","1 season, 6 episodes",27–33 min.,Pending
Girls from Ipanema,Period drama,"March 22, 2019","2 seasons, 13 episodes",35–56 min.,Pending
Sintonia,Drama,"August 9, 2019","1 season, 6 episodes",37–47 min.,Renewed[89]
Omniscient,Science fiction,"January 29, 2020","1 season, 6 episodes",38–52 min.,Pending
Spectros,Thriller,"February 20, 2020","1 season, 7 episodes",36–61 min.,Pending
Reality Z,Zombie horror,"June 10, 2020","1 season, 10 episodes",25–36 min.,Pending
Kissing Game,Thriller,"July 17, 2020","1 season, 6 episodes",32–49 min.,Pending
"Good Morning, Verônica",Crime drama,"October 1, 2020","1 season, 8 episodes",41–49 min.,Renewed[90]
Elite,Crime teen drama,"October 5, 2018","3 seasons, 24 episodes",46–56 min.,Renewed for seasons 4 and 5[91]
Diablero,Horror fantasy thriller,"December 21, 2018","2 seasons, 14 episodes",32–44 min.,Pending
Always a Witch,Supernatural drama,"February 1, 2019","2 seasons, 18 episodes",32–43 min.,Pending
Go! Live Your Way,Musical,"February 22, 2019","2 seasons, 30 episodes",36–44 min.,Renewed[92]
Monarca,Family drama,"September 13, 2019","1 season, 10 episodes",40–49 min.,"Season 2 due to premiere on January 1, 2021[93][94]"
Hache,Thriller,"November 1, 2019","1 season, 8 episodes",40–52 min.,Renewed[95]
The Neighbor,Superhero comedy,"December 31, 2019","1 season, 10 episodes",25–33 min.,Renewed[96]
Puerta 7,Sports crime drama,"February 21, 2020","1 season, 8 episodes",35–45 min.,Pending
Unstoppable,Comedy-drama,"February 28, 2020","1 season, 10 episodes",35–44 min.,Pending
Almost Happy,Comedy,"May 1, 2020","1 season, 10 episodes",21–28 min.,Pending
Valeria,Dramedy,"May 8, 2020","1 season, 8 episodes",37–46 min.,Renewed[97]
The Unremarkable Juanquini,Comedy,"May 15, 2020","1 season, 7 episodes",24–37 min.,Renewed[98]
Control Z,Teen drama,"May 22, 2020","1 season, 8 episodes",34–41 min.,Renewed[99]
The Search,Crime anthology series,"June 12, 2020",6 episodes,38–44 min.,Miniseries
Dark Desire,Thriller,"July 15, 2020","1 season, 18 episodes",30–39 min.,Renewed[100]
The Great Heist,Crime drama,"August 14, 2020",6 episodes,37–48 min.,Miniseries
Someone Has to Die,Drama,"October 16, 2020",3 episodes,48–52 min.,Miniseries
The Minions of Midas,Thriller,"November 13, 2020",6 episodes,49–57 min.,Miniseries
The Mess You Leave Behind,Drama,"December 11, 2020",8 episodes,35–56 min.,Miniseries
The Gift,Supernatural drama,"December 27, 2019","2 seasons, 16 episodes",36–55 min.,Renewed for final season[101]
Love 101,Teen drama,"April 24, 2020","1 season, 8 episodes",33–48 min.,Renewed[102]
Ethos,Drama,"November 12, 2020","1 season, 8 episodes",40–58 min.,Pending
Awaiting release,Awaiting release,Awaiting release,Awaiting release,Awaiting release,Awaiting release,Awaiting release
50M2[103],Dark comedy,"January 27, 2021[104]",TBA,TBA,Pending
Ares,Dutch,Horror drama,"January 17, 2020","1 season, 8 episodes",24–33 min.,Pending
The Woods,Polish,Thriller,"June 12, 2020",6 episodes,46–55 min.,Miniseries
Love & Anarchy,Swedish,Romantic comedy,"November 4, 2020","1 season, 8 episodes",25–33 min.,Pending
Paranormal,Arabic,Supernatural drama,"November 5, 2020","1 season, 6 episodes",46–55 min.,Pending
Awaiting release,Awaiting release,Awaiting release,Awaiting release,Awaiting release,Awaiting release,Awaiting release
Paava Kadhaigal[105],Tamil,Anthology series,"December 18, 2020[106]",TBA,TBA,Pending
Equinox[107],Danish,Thriller,"December 30, 2020[108]",TBA,TBA,Pending
Jack Whitehall: Travels with My Father,Travel documentary,"September 22, 2017","4 seasons, 15 episodes",28–61 min.,English,Pending
Somebody Feed Phil,Travel documentary,"January 12, 2018","4 seasons, 22 episodes",44–63 min.,English,Pending
Dirty Money,Documentary,"January 26, 2018","2 seasons, 12 episodes",50–77 min.,English,Pending
Ugly Delicious,Travel documentary,"February 23, 2018","2 seasons, 12 episodes",46–55 min.,English,Pending
Dogs,Docu-series,"November 16, 2018","1 season, 6 episodes",50–53 min.,English,Renewed[109]
Sunderland 'Til I Die,Sport,"December 14, 2018","2 seasons, 14 episodes",30–53 min.,English,Pending
Formula 1: Drive to Survive,Sport,"March 8, 2019","2 seasons, 20 episodes",27–41 min.,English,Renewed[110]
The Chef Show,Culinary art,"June 7, 2019","2 seasons, 25 episodes",26–34 min.,English,Pending
Taco Chronicles,Culinary art,"July 12, 2019","2 seasons, 13 episodes",24–33 min.,Spanish,Pending
Kevin Hart: Don't F**k This Up,Docu-series,"December 27, 2019","1 season, 6 episodes",25–36 min.,English,Pending
ARASHI's Diary -Voyage-,Docu-series,"December 31, 2019",20 episodes,18–44 min.,Japanese,Miniseries ongoing[111]
Cheer,Docu-series,"January 8, 2020","1 season, 6 episodes",56–62 min.,English,Pending
Pandemic: How to Prevent an Outbreak,Docu-series,"January 22, 2020","1 season, 6 episodes",41–53 min.,English,Pending
Rise of Empires: Ottoman,Docudrama,"January 24, 2020","1 season, 6 episodes",45–47 min.,English,Pending
Babies,Docu-series,"February 21, 2020","2 parts, 12 episodes",46–54 min.,English,Pending
Absurd Planet,Nature documentary,"April 22, 2020","1 season, 12 episodes",19–20 min.,English,Pending
Trial by Media,Docu-series,"May 11, 2020","1 season, 6 episodes",57–64 min.,English,Pending
History 101,Docu-series,"May 22, 2020","1 season, 10 episodes",20–23 min.,English,Pending
Lenox Hill,Docu-series,"June 10, 2020","1 season, 9 episodes",31–53 min.,English,Pending
Home Game,Docu-series,"June 26, 2020","1 season, 8 episodes",22–36 min.,English,Pending
Down to Earth with Zac Efron,Docu-series,"July 10, 2020","1 season, 8 episodes",33–46 min.,English,Pending
The Business of Drugs,Docu-series,"July 14, 2020",6 episodes,38–46 min.,English,Miniseries
Street Food: Latin America,Docu-series,"July 21, 2020","1 season, 6 episodes",29–34 min.,English,Pending
Fear City: New York vs The Mafia,Docu-series,"July 22, 2020",3 episodes,44–62 min.,English,Miniseries
Connected,Docu-series,"August 2, 2020","1 season, 6 episodes",39–49 min.,English,Pending
Immigration Nation,Docu-series,"August 3, 2020",6 episodes,60–64 min.,English,Miniseries
World's Most Wanted,Docu-series,"August 5, 2020","1 season, 5 episodes",45–48 min.,French,Pending
Tiny Creatures,Nature documentary,"August 7, 2020","1 season, 8 episodes",24–25 min.,English,Pending
High Score,Docu-series,"August 19, 2020",6 episodes,37–47 min.,English,Miniseries
Chef's Table: BBQ,Culinary art,"September 2, 2020","1 volume, 4 episodes",42–47 min.,English,Pending
The Witcher: A Look Inside the Episodes,Making-of,"September 2, 2020","1 season, 8 episodes",5–7 min.,English,Pending
La Línea: Shadow of Narco,Docu-series,"September 9, 2020",4 episodes,29–37 min.,Spanish,Miniseries
Izzy's Koala World,Docu-series,"September 15, 2020","1 season, 8 episodes",14–18 min.,English,Renewed[112]
Challenger: The Final Flight,Docu-series,"September 16, 2020",4 episodes,41–52 min.,English,Miniseries
The Playbook,Docu-series,"September 22, 2020","1 season, 5 episodes",31–35 min.,English,Pending
A Perfect Crime,Docu-series,"September 25, 2020",4 episodes,38–46 min.,German,Miniseries
"Whose Vote Counts, Explained",Docu-series,"September 28, 2020",3 episodes,24–25 min.,English,Miniseries
Song Exploder,Docu-series,"October 2, 2020","1 volume, 4 episodes",23–27 min.,English,"Volume 2 due to premiere on December 15, 2020[113]"
Bad Boy Billionaires: India,Docu-series,"October 5, 2020","1 season, 3 episodes",52–64 min.,English,Pending
Deaf U,Coming-of-age documentary,"October 9, 2020","1 season, 8 episodes",16–21 min.,English,Pending
Move,Docu-series,"October 23, 2020","1 season, 5 episodes",47–59 min.,French,Pending
Carmel: Who Killed Maria Marta?,True crime,"November 5, 2020",4 episodes,55–60 min.,Spanish,Miniseries
Trial 4,Docu-series,"November 11, 2020",8 episodes,52–60 min.,English,Miniseries
Voices of Fire,Docu-series,"November 20, 2020","1 season, 6 episodes",31–42 min.,English,Pending
The Holiday Movies That Made Us,Docu-series,"December 1, 2020","1 season, 2 episodes",45 min.,English,Pending
Alien Worlds,Docu-series,"December 2, 2020","1 season, 4 episodes",41–47 min.,English,Pending
Room 2806: The Accusation,Docu-series,"December 7, 2020",4 episodes,44–63 min.,French,Miniseries
The Surgeon's Cut,Docu-series,"December 9, 2020","1 season, 4 episodes",51–58 min.,English,Pending
Awaiting release,Awaiting release,Awaiting release,Awaiting release,Awaiting release,Awaiting release,Awaiting release,Awaiting release
Anitta: Made In Honório[114],Docu-series,"December 16, 2020",TBA,TBA,Portuguese,Pending
BREAK IT ALL: The History of Rock in Latin America[115],Docu-series,"December 16, 2020",TBA,TBA,English,Miniseries
The Ripper[116],Docu-series,"December 16, 2020",TBA,TBA,English,Miniseries
Headspace Guide to Meditation[117],Docu-series,"January 1, 2021",TBA,TBA,English,Pending
History of Swear Words[118][119],Docu-series,"January 5, 2021","1 season, 6 episodes",20 min.,English,Pending
Queer Eye,Makeover reality,"February 7, 2018","5 seasons, 42 episodes",43–52 min.,English,Renewed[120]
Nailed It!,Competition,"March 9, 2018","4 seasons, 27 episodes",12–35 min.,English,Pending
Sugar Rush,Baking competition,"July 13, 2018","3 seasons, 20 episodes",47–55 min.,English,Pending
Magic for Humans,Reality,"August 17, 2018","3 seasons, 19 episodes",20–25 min.,English,Pending
Car Masters: Rust to Riches,Motoring,"September 14, 2018","2 seasons, 16 episodes",31–40 min.,English,Pending
Nailed It! Mexico,Reality,"February 8, 2019","2 seasons, 12 episodes",32–34 min.,Spanish,"Season 3 due to premiere on January 5, 2021"
Dating Around,Reality,"February 14, 2019","2 seasons, 12 episodes",24–30 min.,English,Pending
Selling Sunset,Reality,"March 22, 2019","3 seasons, 24 episodes",28–46 min.,English,Pending
Rhythm + Flow,Music competition,"October 9, 2019","1 season, 10 episodes",51–69 min.,English,Renewed[121]
Sugar Rush Christmas,Baking competition,"November 29, 2019","2 seasons, 12 episodes",48–52 min.,English,Pending
The Circle,Reality competition,"January 1, 2020","1 season, 12 episodes",44–63 min.,English,Renewed for seasons 2 and 3[121]
Until Dawn,Reality competition,"January 10, 2020","1 season, 10 episodes",17–25 min.,French,Pending
Nailed It! Germany,Reality competition,"January 17, 2020","1 season, 6 episodes",34–37 min.,German,Pending
The Goop Lab with Gwyneth Paltrow,Reality television,"January 24, 2020","1 season, 6 episodes",30–37 min.,English,Renewed[122]
What the Love! with Karan Johar,Dating show,"January 30, 2020","1 season, 7 episodes",45–50 min.,English,Pending
Love Is Blind,Dating show,"February 13, 2020","1 season, 11 episodes",48–84 min.,English,Renewed for seasons 2 and 3[121]
The Circle Brazil,Reality competition,"March 11, 2020","1 season, 12 episodes",39–61 min.,Portuguese,Pending
100 Humans,Reality competition,"March 13, 2020","1 season, 8 episodes",32–41 min.,English,Pending
The Circle France,Reality competition,"April 9, 2020","1 season, 12 episodes",37–51 min.,French,Pending
Too Hot to Handle,Dating show,"April 17, 2020","1 season, 9 episodes",37–44 min.,English,Pending
Cooked with Cannabis,Reality competition,"April 20, 2020","1 season, 6 episodes",32–37 min.,English,Pending
The Big Flower Fight,Reality competition,"May 18, 2020","1 season, 8 episodes",33–42 min.,English,Pending
Floor Is Lava,Game show,"June 19, 2020","1 season, 10 episodes",25–37 min.,English,Pending
Twogether,Travel reality,"June 26, 2020","1 season, 8 episodes",55–83 min.,Korean,Pending
Say I Do,Reality,"July 1, 2020","1 season, 8 episodes",52–57 min.,English,Pending
Southern Survival,Reality,"July 3, 2020","1 season, 8 episodes",25–32 min.,English,Pending
Dating Around: Brazil,Reality,"July 10, 2020","1 season, 6 episodes",26–27 min.,Portuguese,Pending
Skin Decision: Before and After,Reality,"July 15, 2020","1 season, 8 episodes",32–44 min.,English,Pending
Indian Matchmaking,Dating show,"July 16, 2020","1 season, 8 episodes",26–42 min.,English,Pending
Love on the Spectrum,Dating show,"July 22, 2020","1 season, 5 episodes",38–46 min.,English,Pending
Sing On! Spain,Singing contest,"July 24, 2020","1 season, 8 episodes",37–42 min.,Spanish,Pending
Sing On! Germany,Singing contest,"August 7, 2020","1 season, 7 episodes",35–40 min.,German,Pending
(Un)well,Reality,"August 12, 2020","1 season, 6 episodes",48–57 min.,English,Pending
DeMarcus Family Rules,Reality,"August 19, 2020","1 season, 6 episodes",25–31 min.,English,Pending
Million Dollar Beach House,Reality,"August 26, 2020","1 season, 6 episodes",23–30 min.,English,Pending
Get Organized with The Home Edit,Reality,"September 9, 2020","1 season, 8 episodes",40–47 min.,English,Pending
Sing On!,Singing contest,"September 16, 2020","1 season, 8 episodes",34–37 min.,English,Pending
The American Barbecue Showdown,Reality competition,"September 18, 2020","1 season, 8 episodes",41–44 min.,English,Pending
The Cabin with Bert Kreischer,Reality,"October 13, 2020","1 season, 5 episodes",22–27 min.,English,Pending
Dream Home Makeover,Reality,"October 16, 2020","1 season, 6 episodes",22–29 min.,English,Pending
Country Ever After,Reality,"November 6, 2020","1 season, 12 episodes",22–26 min.,English,Pending
A Queen Is Born,Reality,"November 11, 2020","1 season, 6 episodes",42–44 min.,Portuguese,Pending
We Are the Champions,Reality,"November 17, 2020","1 season, 6 episodes",29–35 min.,English,Pending
Holiday Home Makeover with Mr. Christmas,Reality,"November 18, 2020","1 season, 4 episodes",35–40 min.,English,Pending
Fabulous Lives of Bollywood Wives,Reality,"November 27, 2020","1 season, 8 episodes",32–44 min.,English,Pending
Awaiting release,Awaiting release,Awaiting release,Awaiting release,Awaiting release,Awaiting release,Awaiting release
Best Leftovers Ever!,Reality competition,"December 30, 2020[64]",TBA,TBA,English,Pending
My Next Guest Needs No Introduction with David Letterman,Interview,"January 12, 2018","3 seasons, 17 episodes",41–58 min.,English,Pending
Busted!,Variety show,"May 4, 2018","2 seasons, 20 episodes",63–98 min.,Korean,Renewed[123]
J-Style Trip,Variety show,"March 21, 2020","1 season, 13 episodes",56–88 min.,Mandarin,Pending
Frank Elstner: Just One Last Question,Talk show,"June 12, 2020","1 season, 5 episodes",37–48 min.,German,Pending
Mystery Lab,Educational,"August 4, 2020","1 season, 8 episodes",24–28 min.,Portuguese,Pending
Emily's Wonder Lab,Educational,"August 25, 2020","1 season, 10 episodes",11–14 min.,English,Pending
Bookmarks,Educational,"September 1, 2020","1 collection, 12 episodes",3–11 min.,English,Pending
Awaiting release,Awaiting release,Awaiting release,Awaiting release,Awaiting release,Awaiting release,Awaiting release
The Netflix Afterparty[124],Aftershow,"December 13, 2020[125]",TBA,TBA,English,Pending
The Worst Witch,CBBC/United Kingdom & ZDF/Germany,Children's fantasy,"July 21, 2017","4 seasons, 51 episodes",28–59 min.,English,Selected territories[126],Pending
The New Legends of Monkey,ABC/Australia & TVNZ/New Zealand,Fantasy adventure,"April 27, 2018","2 seasons, 20 episodes",23–35 min.,English,All other markets,Pending
I Am a Killer,Crime + Investigation/United Kingdom,Docu-series,"August 3, 2018","2 seasons, 20 episodes",47–53 min.,English,All other markets,Pending
Robozuna,CITV/United Kingdom,Animation,"October 25, 2018","2 seasons, 20 episodes",22–23 min.,English,All other markets,Pending
Perfume,ZDFneo/Germany,Thriller,"December 21, 2018","1 season, 6 episodes",53–67 min.,German,All other markets,Renewed[127]
Undercover,Eén/Belgium,Crime drama,"May 3, 2019","2 seasons, 20 episodes",46–54 min.,Dutch,Selected territories[128],Pending
Dracula,BBC One/United Kingdom,Drama,"January 4, 2020","1 season, 3 episodes",88–91 min.,English,All other markets,Pending
The Valhalla Murders,RÚV/Iceland,Crime drama,"March 13, 2020","1 season, 8 episodes",45–48 min.,Icelandic,All other markets,Pending
Feel Good,Channel 4/United Kingdom,Comedy,"March 19, 2020","1 season, 6 episodes",24–25 min.,English,All other markets,Renewed for final season[129]
Freud,ORF/Austria,Period thriller,"March 23, 2020","1 season, 8 episodes",45–55 min.,German,"Worldwide except Austria, Belgium, Finland and Hungary[130]",Pending
Crazy Delicious,Channel 4/United Kingdom,Cooking competition,"June 24, 2020","1 season, 6 episodes",46 min.,English,All other markets,Pending
Alien TV,Nine Network/Australia,Hybrid animation,"August 21, 2020","1 season, 13 episodes",24 min.,English,All other markets,Pending
I Am a Killer: Released,Sky Crime/United Kingdom,Docu-series,"August 28, 2020","1 season, 3 episodes",30–38 min.,English,All other markets,Pending
Detention,Public Television Service/Taiwan,Horror,"December 5, 2020","1 season, 8 episodes",46–55 min.,Mandarin,Worldwide,Season 1 ongoing
The Last Kingdom (seasons 2–4),Period drama,BBC Two[a],"May 5, 2017","3 seasons, 28 episodes",50–59 min.,English,Worldwide since season 3[131][132],Renewed[133]
Paquita Salas (seasons 2–3),Mockumentary,Flooxer,"June 29, 2018","2 seasons, 11 episodes",23–38 min.,Spanish,Selected territories,Renewed[134]
Inside the World's Toughest Prisons (seasons 2–4),Docu-series,Channel 5,"July 6, 2018","3 seasons, 12 episodes",44–54 min.,English,Worldwide,"Season 5 due to premiere on January 8, 2021[135]"
MeatEater (seasons 7–9),Docu-series,Sportsman Channel,"October 2, 2018","3 seasons, 29 episodes",22–30 min.,English,Worldwide,Season 9 ongoing[136]
Hip-Hop Evolution (seasons 2–4),Docu-series,HBO Canada,"October 19, 2018","3 seasons, 12 episodes",36–52 min.,English,Worldwide,Pending
Lucifer (season 4–5),Fantasy/police procedural,Fox,"May 8, 2019","2 seasons, 18 episodes",48–62 min.,English,Worldwide except Germany[137],Season 5 ongoing[138]Renewed for final season[139]
Money Heist (parts 3–4),Thriller,Antena 3,"July 19, 2019","2 parts, 16 episodes",41–60 min.,Spanish,Worldwide,Renewed for final season[140]
Top Boy (series 3),Crime drama,Channel 4,"September 13, 2019","1 series, 10 episodes",44–66 min.,English,Worldwide,Renewed[141]
You (season 2),Thriller,Lifetime,"December 26, 2019","1 season, 10 episodes",44–50 min.,English,Worldwide,Renewed[142]
Zumbo's Just Desserts (season 2),Baking reality competition,Seven Network[a],"January 10, 2020","1 season, 10 episodes",44–48 min.,English,Worldwide,Pending
Shaun the Sheep (series 6),Animation,CBBC,"March 17, 2020","1 season, 10 episodes",13 min.,English,Selected territories,Pending
Unsolved Mysteries (season 15),Docu-series,NBC/CBS/Lifetime/Spike,"July 1, 2020","2 volumes, 12 episodes",36–51 min.,English,Selected territories,Pending
Awaiting release,Awaiting release,Awaiting release,Awaiting release,Awaiting release,Awaiting release,Awaiting release,Awaiting release,Awaiting release
Cobra Kai (season 3),Martial arts,YouTube Premium,"January 8, 2021[143][144]",TBA,TBA,English,Worldwide,Renewed[144]
True: Rainbow Rescue,Animation,"June 2, 2020",23 min.
The Larva Island Movie,Animation,"July 23, 2020","1 hour, 30 min."
Dragons: Rescue Riders: Secrets of the Songwing,Animation,"July 24, 2020",46 min.
Sugar High,Baking competition,"July 31, 2020",44 min.
Super Monsters: The New Class,Animation,"August 1, 2020",24 min.
A Go! Go! Cory Carson Summer Camp,Animation,"August 4, 2020",20 min.
Malibu Rescue: The Next Wave,Comedy,"August 4, 2020","1 hour, 10 min."
The Magic School Bus Rides Again: Kids in Space,Animation,"August 7, 2020",45 min.
Making The Witcher,Making-of,"August 26, 2020",32 min.
True: Friendship Day,Animation,"September 1, 2020",23 min.
The Boss Baby: Get That Baby!,Animation/interactive fiction,"September 1, 2020",24 min.
A Go! Go! Cory Carson Halloween,Animation,"October 2, 2020",21 min.
StarBeam: Halloween Hero,Animation,"October 6, 2020",33 min.
Super Monsters: Dia de los Monsters,Animation,"October 9, 2020",25 min.
The Magic School Bus Rides Again: The Frizz Connection,Animation,"October 20, 2020",46 min.
Dragons: Rescue Riders: Huttsgalor Holiday,Animation,"November 24, 2020",46 min.
A Go! Go! Cory Carson Christmas,Animation,"November 27, 2020",21 min.
Chico Bon Bon and the Very Berry Holiday,Animation,"December 3, 2020",25 min.
Captain Underpants: Mega Blissmas,Animation,"December 4, 2020",46 min.
Mighty Express: A Mighty Christmas,Animation,"December 5, 2020",25 min.
Spirit Riding Free: Ride Along Adventure,Animation/interactive fiction,"December 8, 2020",22 min.
Super Monsters: Santa's Super Monster Helpers,Animation,"December 8, 2020",24 min.
A Trash Truck Christmas,Animation,"December 11, 2020",28 min.
Awaiting release,Awaiting release,Awaiting release,Awaiting release
An Unremarkable Christmas[145],Spanish language comedy,"December 17, 2020",TBA
The Magic School Bus Rides Again in the Zone,Animation,"December 26, 2020[64]",TBA
Behind Her Eyes[146],Psychological thriller miniseries,2021[147]
Blood Red Sky[148],Horror,2021
Clickbait[149],Thriller miniseries,2021
Colin in Black & White[150],Biopic miniseries,2021[151]
Ginny & Georgia[152],Coming of age drama,2021
Halston[153],Drama miniseries,2021
Jupiter's Legacy[154],Superhero epic,2021[155]
Pieces of Her[156],Thriller,2021
Shadow and Bone[157],Fantasy drama,2021
Terra Vision[148],Drama miniseries,2021
Untitled Heartbreak High reboot[158],Teen drama,2022
Untitled miniseries about Ayrton Senna[159],Drama miniseries,2022
1899[160],Horror/history,TBA
A Chorus Line[153],Drama miniseries,TBA
Again[161][b],Thriller,TBA
American Jesus[154],Supernatural drama,TBA
Anatomy of a Scandal[162],Anthology series,TBA
Archive 81[163],Found footage horror,TBA
Baahubali: Before the Beginning[164][b],Fantasy,TBA; Renewed
Bloom[165],Drama,TBA
Brand New Cherry Flavor[166],Horror thriller,TBA
Cowboy Bebop[167],Science fiction,TBA
Conquest[168][169],Science fiction,TBA
Crocodile[170],Mystery thriller,TBA
Far From Home[171],Drama,TBA
First Kill[172],Horror/Drama,TBA
From Scratch[173],Drama miniseries,TBA
Guillermo del Toro Presents 10 After Midnight[174],Horror anthology,TBA
Hit and Run[175],Political espionage thriller,TBA
In From the Cold[176],Thriller,TBA
Inventing Anna[177][178],Drama miniseries,TBA
JIVA![179],Drama,TBA
Kaos[180],Dark comedy,TBA
Kings of America[181],Drama miniseries,TBA
Lost Ollie[182],Drama,TBA
Maid[183],Dramedy,TBA
Midnight Mass[184],Horror,TBA
Monster: The Jeffrey Dahmer Story[185],Crime drama miniseries,TBA
Notes on Love[186],Anthology series,TBA
One Piece[187],Action,TBA
Painkiller[188],Crime drama miniseries,TBA
Resident Evil[189][190],Horror,TBA
Sex/Life[191],Dramedy,TBA
Stay Close[192],Drama,TBA
Sweet Tooth[193],Fantasy drama,TBA
The Chair[194],Dramedy,TBA
The Irregulars[195],Drama,TBA
The Last Bus[196],Science fiction,TBA
The One[197],Science fiction,TBA
The Sandman[198],Fantasy,TBA
The Secret Lives of Baba Segi's Wives[199],Drama,TBA
The Witcher: Blood Origin[200],Fantasy miniseries,TBA
The Woman in the House[201],Dark comedy/Thriller miniseries,TBA
True Story[202],Drama miniseries,TBA
Untitled Avatar: The Last Airbender live-action series[203],Fantasy,TBA
Untitled Lior Raz & Avi Issacharoff terrorism drama series[175],Drama,TBA
Untitled The Three-Body Problem series[204],Science fiction,TBA
Vikings: Valhalla[205],Historical period drama,TBA
Viva La Madness[206],Crime drama,TBA
White Stork[207],Political thriller,TBA
Zero Chill[208],Teen drama,TBA
Country Comfort[209],Sitcom,2021
Dad Stop Embarrassing Me[210],Comedy,TBA
God's Favorite Idiot[211],Comedy,TBA
The Crew[212],Comedy,TBA
The Girls on the Bus[213],Comedy-drama,TBA
The Green Beret's Guide to Surviving the Apocalypse[214],Comedy,TBA
The G Word with Adam Conover[215],Sketch comedy,TBA
The Pentaverate[216],Comedy,TBA
The Upshaws[217],Comedy,TBA
Untitled Ricky Gervais series[218],TBA,TBA
Agent King[219],Adult animated comedy,TBA
Blue Eye Samurai[220],Animated action,TBA
Captain Fall[221],Animated comedy,TBA; Renewed[221]
Entergalactic[222],Adult animation,TBA
Good Times[223],Animated sitcom,TBA
Heaven's Forest[224],Animated action drama,TBA
Human Resources[225],Adult animated comedy,TBA
Inside Job[226],Adult animated comedy,TBA
Magic: The Gathering[227],Animated fantasy,TBA
Mulligan[228],Adult animated comedy,TBA
Q-Force[229],Adult animated comedy,TBA
The House[230],Animated dark comedy,TBA
High-Rise Invasion,Anime/Horror,February 2021[231]
EDEN,Anime,May 2021[231]
Baki Hanma[232],Anime/Martial arts,2021[231]
Godzilla Singular Point[233],Anime,2021
Masters of the Universe: Revelation[234],Anime,2021
Pacific Rim: The Black[235],Anime/Mecha,2021;[236] Renewed[237]
RESIDENT EVIL: Infinite Darkness[238],CG animation/Anime/Horror,2021
SPRIGGAN[239],Anime/Science fiction,2021
Thus Spoke Kishibe Rohan,Anime,2021[231]
Trese[235],Anime/Fantasy,2021[231]
Vampire in the Garden[240],Anime,2021[231]
The Way of the Househusband,Anime/Comedy,2021[241]
Yasuke[235],Anime,2021[231]
Cyberpunk: Edgerunners[242],Anime/Science fiction,2022
Army of the Dead: Lost Vegas[243],Anime/Horror,TBA
Rilakkuma's Theme Park Adventure[244],Stop motion/Slice of life,TBA
Super Crooks[245],Anime,TBA
Thermae Romae Novae[231],Anime/Comedy,TBA
Untitled Norse mythology anime series[246],Anime,TBA
Untitled Splinter Cell anime series[247],Anime,TBA; Renewed
"Ada Twist, Scientist[248]",Animation/Educational,2021
Angry Birds: Summer Madness[249],Animation,2021
DeadEndia[250],Animated horror comedy,2021
Go Dog Go[251],Animation,2021
I Heart Arlo[252],Animated musical comedy,2021
Kajko and Kokosz[253],Animated comedy,2021
Kid Cosmic[254][255],Animation,2021[256]
Maya and the Three[254],Animated miniseries,2021
Sharkdog[257],Animation,2021
Ken and Kenny[258],Animated comedy,2022
Untitled Sonic the Hedgehog series[259],Animation,2022
Battle Kitty[260],Animation/interactive fiction,TBA
Bone[261],Animation,TBA
Centaurworld[262][263],Animated musical comedy,TBA
Charlie and the Chocolate Factory[264][265],Animated miniseries,TBA
City of Ghosts[266],Animation,TBA
Dino Daycare[267],Animation,TBA
Ghee Happy[268],Animation,TBA
He-Man and the Masters of the Universe[269],Animation,TBA
Karma's World[270],Animation,TBA
Line Friends[271],Animation,TBA
Listen to Your Vegetables & Eat Your Parents[165],Animation,TBA
Mama K's Team 4[272],Animation,TBA
My Dad the Bounty Hunter[273],Animation/Comedy,TBA
Oggy Oggy[274],Animation,TBA
ONI[275],Hybrid CGI animation/Stop motion,TBA
Raise the Bar[276],Animation,TBA
Ridley Jones[267],Animation,TBA
Samurai Rabbit: The Usagi Chronicles[277],Animation/Action adventure,TBA
Spirit Rangers[267],Animation/Fantasy,TBA
The Cuphead Show![278],Animation,TBA
Untitled animated miniseries about the Oompa-Loompas[265],Animated miniseries,TBA
Untitled animated series from Chris Garbutt and Rikke Asbjoern[279],Animation,TBA
Untitled Ryan Quincy animated series[280],Animation,TBA
Untitled SpongeBob SquarePants spin-off series[281],Musical animation,TBA
Wonderoos,Animation,TBA[282][251]
Abla Fahita: Drama Queen[283][284],Comedy,Arabic,Early 2021
Bangkok Breaking[285],Thriller,Thai,2021
Dale Gas[286],Action,Spanish,2021
Generazione 56K[287],Comedy,Italian,2021
Goldfish Wife[288],Drama,Japanese,2021
La Venganza de las Juanas[286],Drama,Spanish,2021
Madre solo hay dos[289],Comedy,Spanish,2021
Otwórz oczy[290],Thriller,Polish,2021
¿Qué pasó con Sara?[289],Crime drama,Spanish,2021
Sexify[291],Comedy drama,Polish,2021
The Girl in the Mirror[292][293],Supernatural drama,Spanish,2021
The Journalist[294],Drama,Japanese,2021
Todo va a estar bien[286],Comedy,Spanish,2021
Tribes of Europa,Science fiction,German,2021[295]
Untitled Harald Zwart series[296],Thriller drama,Norwegian,2021
Young Royals[297],Coming of age drama,Swedish,2021[298]
First Love[299],Drama,Japanese,2022
All of Us Are Dead[300],Supernatural drama,Korean,TBA
AlRawabi School for Girls[301],Drama,Arabic,TBA
Anxious People[302],Comedy drama,Swedish,TBA
As the Crow Flies[303],Comedy,Turkish,TBA
Bandidos[304],Drama,Spanish,TBA
Bombay Begums[305][306][307],Drama,Hindi,TBA
Braqueurs[308],Thriller,French,TBA
Catrina: La Santa Muerte[309],Action drama,Spanish,TBA
Chosen[310][311],Coming-of-age  science fiction,Danish,TBA
Cielo Grande[312],Teen drama,Spanish,TBA
Clark[313],Drama,Swedish,TBA
Club[303],Drama,Turkish,TBA
Creator's File: GOLD[314],Mockumentary,Japanese,TBA
D.P.[315],Drama,Korean,TBA
Dirty Lines[316],Drama,Dutch,TBA
El Eternauta[312],Science fiction,Spanish,TBA
El jefe[317],series,Spanish,TBA
El Reino[318],Thriller,Spanish,TBA
Elves[319],Horror,Danish,TBA
Érase una vez... pero ya no[320],Musical comedy,Spanish,TBA
Erinyes[321],Mystery thriller,Polish,TBA
Ersan Kuneri[303],Sitcom,Turkish,TBA
Fatma[101],Crime drama,Turkish,TBA
Fedeltà[322],Romantic drama,Italian,TBA
Feria[323],Fantasy,Spanish,TBA
Glória[324],Thriller,Portuguese,TBA
Gone For Good[325],Thriller,French,TBA
Hellbound[326],Supernatural drama,Korean,TBA
Hot Skull[101],Science fiction,Turkish,TBA
Idolo[323],Drama,Spanish,TBA
Invisible Cities[327],Fantasy thriller,Portuguese,TBA
Jaguar[328],Historical drama,Spanish,TBA
Justiciera[317],series,Spanish,TBA
Katla[329],Supernatural drama,Icelandic,TBA
Kitz[330],Drama,German,TBA
La Part du feu[331],Drama miniseries,French,TBA
Los Corruptores[304],Thriller,Spanish,TBA
Mai[305][332],Thriller,Hindi,TBA
Maldivas[333],Dramedy,Portuguese,TBA
Messy[305][334],Comedy,Hindi,TBA
Midnight at the Pera Palace[303],Drama,Turkish,TBA
Move to Heaven[335],Drama,Korean,TBA
One Hundred Years of Solitude[336],Drama,Spanish,TBA
Queen of the Scene[337],Drama,Korean,TBA
Round Six[338],Thriller,Korean,TBA
Shimmers[339],Thriller,Thai,TBA
Sky Rojo[340],Action drama,Spanish,TBA
Snabba Cash[341],Thriller,Swedish,TBA
So Not Worth It[342],Sitcom,Korean,TBA
Spotify Untold[343],Drama miniseries,Swedish,TBA
The Chestnut Man[344],Crime drama,Danish,TBA
The Forty Rules of Love[345],Drama,Turkish,TBA
The Innocent[346][347],Mystery thriller,Spanish,TBA
The Lying Life of Adults[348],Drama,Italian,TBA
The Silent Sea[349],Science fiction/Thriller,Korean,TBA
The Time It Takes[323][350],Drama,Spanish,TBA
The Unlikely Murderer[351],Crime drama miniseries,Swedish,TBA
The Uysals[303],Drama,Turkish,TBA
Tyll[345],Drama,German,TBA
Undercover[352],Thriller,Korean,TBA
Untitled Amr Diab series[353],Musical drama,Arabic,TBA
Untitled drama series from Nigeria[354],Drama,TBA,TBA
Untitled EbonyLife TV series[199],series,TBA,TBA
Untitled Fanny Herrero comedy series[74],Comedy,French,TBA
Untitled Korean version of Money Heist[355],Thriller,Korean,TBA
Untitled Hend Sabry series[356],Comedy drama,Arabic,TBA
Untitled series about Paolo Guerrero[357],Biopic,Spanish,TBA
Untitled series from Daniel Sánchez Arévalo[328],scripted series,Spanish,TBA
Untitled series starring Madhuri Dixit[358],Drama,Hindi,TBA
Untitled sequel to Pickpockets[359],Drama,Spanish,TBA
Untitled thriller from Mexico[304],Thriller,Spanish,TBA
Untitled Turkish drama set in a submarine[303],Drama,Turkish,TBA
Zero[360],Superhero series,Italian,TBA
Shut Up and Ride[361],Travel documentary,February 2021
Age of Samurai: Battle for Japan[362],Historical drama docu-series,2021
An Interactive Experience[363],Docu-series,2021
Headspace Guide to Sleep[363],Docu-series,2021
Last Chance U: Basketball[364],Docu-series,2021
800 Metros[323],Docu-series miniseries,TBA
Dark Web[365],Docu-series,TBA
Japan Unplugged series[366],Docu-series,TBA
Oceans[367],Docu-series,TBA
Untitled docu-series about Andy Warhol[153],Docu-series,TBA
Untitled docu-series about the Isabella Stewart Gardner Museum theft[368],Docu-series,TBA
Untitled docu-series about Naomi Osaka[369],Docu-series,TBA
Untitlted docu-series about the murder of Sophie Toscan du Plantier[370],Docu-series,TBA
Untitled documentary series[371],Documentary,TBA
Untitled Jean-Xavier de Lestrade docu-series[372],Docu-series,TBA
Untitled Prince docu-series[373],Documentary,TBA
Untitled Vince McMahon docu-series[374],Documentary,TBA
Das Hausboot[375],Reality television,German,2021
Haunted Latino[289],Reality television,Spanish,2021
Love is Blind Brazil[376],Reality show,Portuguese,2021
Queer Eye Brazil[377],Reality show,Portuguese,2021
Too Hot to Handle Brazil[376],Reality show,Portuguese,2021
All the Right Moves[378],Reality competition,TBA,TBA
Exatlon Challenge[101],Reality competition,Turkish,TBA
Jet Set[379],Reality competition,English,TBA
Rhythm + Flow Nouvelle Ecole[380],Music competition,French,TBA
Sparking Joy with Marie Kondo[121],Reality television,Japanese,TBA
The Date[379],Dating show,English,TBA
Untitled Julien Bam series[381],Reality television,German,TBA
Paik's Spirit[382],Talk show,Korean,TBA
Dive Club[383],Network 10/Australia,Mystery teen drama,2021
Entrapped[384],RÚV/Iceland & ZDF/Germany,Thriller,2021
"I Do, Redo[385]",CTV/Canada,Reality show,2021
Life in Colour[386],BBC Two/United Kingdom,Docu-series,2021
On The Verge[387],Canal+/France,Comedy,TBA
Red Rose[388],BBC Three/United Kingdom,Teen horror drama,TBA
Soupçons[389],RTL-TVI/Belgium,French language true crim docuseries,TBA
The Serpent[390],BBC One/United Kingdom,Thriller miniseries,TBA
Totenfrau[330],ORF/Austria,Thriller,TBA
Untitled scripted series[371],Univision/United States,Drama,TBA
Johnny Test (season 7)[391],Animation,"Kids WB, Cartoon Network",2021,2,TBA,Worldwide
The Mire (season 2),Thriller,Showmax,2021[392],1,TBA,Worldwide
Bee and PuppyCat (season 2)[393],Animation,YouTube,2022,1,TBA,Worldwide
Borgen (season 4)[394],Political drama,DR[a],2022,1,TBA,TBA
The A List (season 2)[395],Teen drama,BBC iPlayer,TBA,1,TBA,Worldwide
Kingdom: Ashin of the North[396],Korean language fantasy,2021
Shaun the Sheep: A Winter's Tale[397][398],Animation,2021
Trollhunters: Rise of the Titans[399],Animation,2021
Untitled Johnny Test interactive special[391],Animation/interactive fiction,2021
Ferry (Special film of Undercover)[400],Dutch language crime drama,TBA
The Witcher: Nightmare of the Wolf[401],Animation,TBA
Untitled Hilda film[402],Animation,TBA
Wonderoos: Holiday Holiday!,Animation,TBA
A Life in Men[403],Drama
All the Light We Cannot See[404],Historical drama miniseries
Assassin's Creed[405],Action-adventure
Billy and the Minpins[264],Animated miniseries
Boy: Tales of Childhood[264],Animated miniseries
Call Your Daughter Home[406],Drama
Charlie and the Great Glass Elevator[264],Animated miniseries
Churchmen[407],Drama
Comfort Me with Apples[408],Biopic
Consumed[409],Horror miniseries
Diablo[410],Adult animated fantasy
Dirty Beasts[264],Animated miniseries
Esio Trot[264],Animated miniseries
Game Changer[411],Teen science fiction drama
George's Marvellous Medicine[264],Animated miniseries
Going Solo[264],Animated miniseries
Henry Sugar[264],Animated miniseries
Lockwood & Co.[412],Supernatural detective thriller
Matilda[264],Animated miniseries
Overlooked[165],Biopic anthology
Pico & Sepulveda[413],Historical drama
Reset: My Fight for Inclusion and Lasting Change[413],Biopic
Rhyme Stew[264],Animated miniseries
Sunshine Scouts[413],Dark comedy
The BFG[264],Animated miniseries
The City of Brass[412],Historical fantasy
The Enormous Crocodile[264],Animated miniseries
The Giraffe and the Pelly and Me[264],Animated miniseries
The Magic Finger[264],Animated miniseries
The Midnight Club[414],Teen horror drama
The Murders of Molly Southbourne[412],Science fiction horror
The Residence[413],Drama
The Twits[264],Animated miniseries
The Warmth of Other Suns[413],Drama
The Warriors[415],Action thriller
Three Wishes[416],Mystery
Untitled Arnold Schwarzenegger series[417],Spy
Untitled Chinatown prequel[418],Neo-noir mystery
Untitled Conan the Barbarian project[419],Sword and sorcery
Untitled House of Cards spinoff[420],Political thriller
Untitled Jane Lynch/Cyndi Lauper series[421],Comedy
Untitled Loren Bouchard series[422],Adult animation
Untitled Ramy Youssef series[423],Comedy
Untitled Recursion adaptation[424],Science fiction
Untitled Sword Art Online adaptation[425],Drama
Untitled Teen Jesus project[426],Satirical sitcom
Untitled The Chronicles of Narnia adaptation[427],Fantasy
Untitled Woodstock '99 project[428],Docuseries
Watergate[429],Crime drama miniseries
