Title,Premiere,Runtime,Language
Alan Salda√±a: Mi vida de pobre,TBA,TBA,Spanish
Phil Wang: Philly Philly Wang Wang,TBA,TBA,English
Ricky Gervais: Supernature,TBA,TBA,English
The Hall: Honoring the Greats of Stand-Up,TBA,TBA,English
Untitled Ali Wong stand-up comedy special,TBA,TBA,English
Untitled Ali Wong stand-up comedy special,TBA,TBA,English
Untitled Billy Eichner stand-up comedy special,TBA,TBA,English
Untitled Chris Rock stand-up comedy special,TBA,TBA,English
Untitled Gabriel Iglesias stand-up comedy special,TBA,TBA,English
Untitled Ricky Gervais stand-up comedy special,TBA,TBA,English
Untitled Tom Segura stand-up comedy special,TBA,TBA,Spanish
